d3df27cd-b471-4058-aa74-c174670bd14c	PegTileProp2	233.49573	72.28	-644.6913	-0.10434188	0.8839532	-0.23685461	-0.38940907	
ea8c71ac-810f-4426-84a1-17e0e3b0b81d	FmRadioProp	93.06	179.77231	-332.419	-0	-0.9702325	-0	-0.24217579	
ccc262b3-f753-4655-82b8-fd222e626dce	BuoyProp	13.316049	6.0498934	-770.3312	-0	-0.9972865	-0	-0.07361803	LandmarksPlayerCount4/Contents/Labyrinth/Positioner/buoypedestal_Full_Orange (1)/BouyPedistalPropHome
cbbca208-0dcf-40a9-b5c2-2bab30e80e05	GourdProp	865.2446	24.262999	-856.0701	0.5893304	-0.39075547	-0.39075547	-0.5893304	LandmarksPlayerCountAny/PoetAndPontiff/Positioner/PoetBuilding/GourdVice/AnimatingParts/GourdViceHome
df814b39-e550-4e17-ad44-e32028ab3c47	BuoyProp	-174.69	50.167942	-453.77	-0	0.15506618	-0	0.98790413	LandmarksNonChallenge/LooseBuoyPedestals/Anywhere/buoypedestal_Full_Orange (7)/BouyPedistalPropHome
0af8264a-8078-450c-a3e2-252f438d65bb	PegTileProp7	861.397	23.9	-850.86206	-0.25366494	0.19180828	-0.051394895	-0.9466902	
8adc3a1a-b5b3-40a2-95ad-4ea2f3f36db8	KeyBigProp Overflow	-126.822	44.24	-447.386	-7.035418E-08	-0.8072765	-9.623484E-08	0.5901737	LandmarksNonChallenge/OverflowMonument/Positioner/BigKeyInScrew/KeyScrewAnimator/OverflowBuilding_Screw (1)/KeyStoneHome
f68a6dbc-0b73-47b6-b9e6-fd28e016606e	LaserProp	135.47069	116.840996	-207.1215	-3.0453663E-08	-0.9408183	-3.811681E-08	0.3389116	
7bbbd1a5-08ff-493a-b0ca-dd0f12a2f101	foldingChair (1)	-139.83847	71.207	-294.76315	-0	-0.8074626	-0	0.5899189	
f4fad178-7608-4264-9274-966af90d432c	PegTileProp2	499.48618	49.802486	-136.68015	0.44873434	-0.5471452	0.5429175	0.4522282	
63d13c11-3557-402d-ad0c-b7b255d5b3d8	CoordinateTrackerProp	495.88678	92.62799	-453.8035	-0	-0.9151501	-0	-0.40311322	
24a7bc5b-8af5-4f9f-8fd4-4b5cfc50e875	PegTileRoundProp	-228.90826	55.66108	-361.32135	-0.3555063	0.7119907	0.48449004	0.36325476	LandmarksPlayerCountAny/EggHunt/Positioner/Eggs/PegTileHook_Round_yellow (1)/PegSlot/PegSlotHome
119fcab4-2086-4ed9-a02e-a9945e849f96	KettleProp	-102.527756	14.62	-0.2439096	-0	-0.8460256	-0	0.5331425	
cf2e3191-4c77-4ce9-8c56-f43a73d6e531	BuoyLight	-347.62	28.916073	16.36	-0	0.15506618	-0	0.98790413	LandmarksNonChallenge/LooseBuoyPedestals/Anywhere/buoypedestalFull (14)/BouyPedistalPropHome
68287599-1f13-42f0-9424-cabd187e8a55	BuoyLight	459.0683	101.14554	-439.36115	-0	-0.42141482	-0	-0.906868	LandmarksNonChallenge/Lookouts/Lookout_GreenHourglass/buoypedestalFull (1)/BouyPedistalPropHome
929cee23-1d31-4a8a-ad56-aec75acdf079	GourdProp	536.4494	20.117	-576.94684	0.6200026	0.3399951	0.33999413	-0.62000346	LandmarksPlayerCountAny/PerspectiveCounting/Positioner/InputPlatform/gourdpivot/GourdVice/AnimatingParts/GourdViceHome
b95078fd-d8f2-4fd9-b2aa-ecf8b84fdad7	BuoyProp	-351.5	29.491245	13.6	-0	-0	-0	1	LandmarksNonChallenge/LooseBuoyPedestals/Anywhere/buoypedestal_Full_Orange (1)/BouyPedistalPropHome
41e65d1c-8631-46b7-8262-e51864fedc2e	PegTileProp19	858.9006	22.88	-852.3534	-0.25366494	0.19180828	-0.051394895	-0.9466902	
a4ad0e05-e86a-4c76-b00a-1d0c0121ca00	CueCard (1)	-136.71634	9.543	-442.47296	0.66254324	-0.2470559	-0.24705595	-0.6625431	
1c9f8bc9-5850-4085-80f6-05c2821b505d	ClockProp	-59.39895	78.054	-164.42886	-0	0.24347875	-0	-0.9699063	TrainSystem/TrainStop - Green Diffuser/WallHook/WallHookHome
76bd5cae-c44a-44a8-a798-f0c9e49bf950	PegTileProp Speaker (2)	708.2171	55.372	-847.995	0.11604444	0.8633938	0.23134723	-0.43308625	
fc58b531-2bfa-46ca-9ecf-fb53bc5cf37f	PegTileProp8	-737.17474	33.394	709.1644	0.22191846	-0.49707094	0.13318978	0.82821083	
31b82626-dbd7-4062-af96-5f172110b442	PegTileProp9	816.35864	13.964	-435.78787	0.205335	-0.5880183	0.15755907	0.7663205	
99c6b7d5-c979-44b7-95bb-1e8db7b02ef6	PegTileProp9	-85.2881	15.063999	-5.6155367	-0.057261586	-0.94198924	0.25240532	-0.2137031	
fe3d799e-9c38-418d-a82e-291a435af6fa	BigKeyProp	-89.05066	101.17	-607.35175	-0.570377	0.23625773	-0.7267901	0.30104613	LandmarksNonChallenge/Lookouts/Lookout_RedCone/RoofStuff/BigKeyInStone/KeyStoneAnimator/KeyStoneHome
a2d05ea0-6cbd-433a-84af-a194a05d6536	PegTileProp4	-737.6014	33.858	708.8253	0.22191846	-0.49707094	0.13318978	0.82821083	
1c2d51b9-8d17-4a6e-9136-24871d025351	PegTileProp1	233.83319	72.28	-645.0602	-0.10434188	0.8839532	-0.23685461	-0.38940907	
63011d69-6ade-4a1c-9ad6-e2fab4101869	PermoSignProp	496.05942	93.27659	-453.96146	-0	-0.40311307	-0	0.91515017	LandmarksPlayerCountAny/CoordinatesSimPress/Positioner/WallhookWithPermoSign/WallHook/WallHookHome
1329e6b4-8821-4add-98c3-9f71eceeb0e4	BuoyProp	632.29144	27.86118	-918.13837	-0	0.22429349	-0	0.97452164	LandmarksPlayerCountAny/CenturionSeance/CenturionConents/Positioner - signal room/buoypedestal_Full_Orange/BouyPedistalPropHome
d27fe6ce-2b92-42bd-8d60-8885e368877c	BuoyLight	-83.83356	85.89258	-614.1567	-0	-0.9928085	-0	-0.11971339	LandmarksNonChallenge/Lookouts/Lookout_RedCone/buoypedestal_Full_Red/BouyPedistalPropHome
dc379ec1-452c-4e53-8eaa-db81bcc98fd2	PegTileProp7	764.7067	55.284	-809.833	-0.25611928	0.1391529	-0.037285917	-0.95584995	
b2bc7c0d-7ede-4a94-87f3-c6549eae79fa	PegTileProp11	-85.64552	15.528	-6.0270643	-0.057261586	-0.94198924	0.25240532	-0.2137031	
fef6986c-bde3-4244-a65b-8eebf24649d1	PegTileProp8	4.376066	110.523994	-376.74103	0.1367891	-0.8199992	0.21971819	0.5105037	
0a379de4-d171-4ebd-aeb2-8ac2409787cb	KettleProp (1)	-101.9151	14.62	-0.16255641	-0	-0.6398681	-0	0.76848495	
b53fd7bd-4fbe-4e88-b83b-e3c49a9fcd71	PegTileProp4	4.402006	110.988	-377.28546	0.1367891	-0.8199992	0.21971819	0.5105037	
fcda7d44-81af-4526-be44-f16a90e5b0ec	BuoyProp	471.90613	98.43024	-439.24854	-0	-0	-0	1	LandmarksNonChallenge/Lookouts/Lookout_GreenHourglass/buoypedestal_Full_Orange/BouyPedistalPropHome
cd159c6e-88aa-4158-a11f-2790cf581052	WalkieTalkieProp	686.9381	0.8590001	-239.3098	-0	-0.9208416	-0	0.3899374	
a3088495-97ef-4a27-bedf-98f3bedb606a	PegTileProp3	-747.0206	84.380005	665.68567	0.13318996	0.8282105	-0.22191836	0.49707156	
ef09f445-cd71-4414-938a-7a7122dcd121	HolsterProp	-175.17522	60.6	-67.710686	0.2550154	-0.16499108	0.04420922	0.95173043	LandmarksNonChallenge/PackPavillions/VerekerBackpackPavillion /PackPavilion Holster/PackHanger/PackHanger home
13e8b476-3985-44b8-8ec6-aae5cec8bb78	foldingChair (5)	451.96378	7.13	-805.0851	-0	-0.4059599	-0	0.91389084	
64d92f9a-e44c-4218-ab98-4ea48d0c9b33	SalonBrushProp (1)	-46.53382	62.662003	-432.53546	0.44425118	-0.5176822	0.6352924	0.36200798	
82811ece-1a13-4bc4-9dac-9f2a1fdd4f35	PegTileProp8	861.8391	23.9	-850.67523	-0.25366494	0.19180828	-0.051394895	-0.9466902	
68c7bd4c-704c-4d73-b281-d95f4dd386ba	PegTileProp23	860.6691	22.88	-851.606	-0.25366494	0.19180828	-0.051394895	-0.9466902	
58a7b43c-61e4-4edf-9f79-2d5681b61087	PegTileProp3	-173.04106	13.31	-683.2753	0.24534096	0.30764315	-0.08243276	0.9156246	
ff6a9323-7dac-4313-a588-7c1eb3dd27f0	PegTileProp4	860.07056	23.9	-851.42255	-0.25366494	0.19180828	-0.051394895	-0.9466902	
6c8a1a40-e251-4d6d-b1d1-27b4c49bec5a	CueCard (3)	-136.71634	9.543	-442.47296	0.66254324	-0.2470559	-0.24705595	-0.6625431	
ed7b657e-5949-4a1e-8b82-e50ad2a8d785	XrayGogglesProp	453.97937	101.974	-447.00104	-0.3794535	-0.3827512	0.17632923	-0.8236654	
787f8a29-8752-4f45-b3bd-fc37bdc57ca2	GourdProp	64.57099	67.342	-448.5121	-0	0.4514764	-0	0.8922831	LandmarksPlayerCountAny/CannonBallCarry/PositionerReceiver/GourdVice/AnimatingParts/GourdViceHome
5efbf72b-9dff-4251-a536-f625ba8ff315	BuoyLight	-266.24	8.610673	-583.63	-0	-0	-0	1	LandmarksNonChallenge/LooseBuoyPedestals/Intro/buoypedestalFull (2)/BouyPedistalPropHome
633ba968-8d89-44ac-a190-b5840ccd6a28	PegTileProp4	764.6449	55.748	-809.625	-0.25611928	0.1391529	-0.037285917	-0.95584995	
31c8ef92-e953-429e-89f5-a42dfa7b40a1	PegTileProp8	765.186	55.284	-809.6904	-0.25611928	0.1391529	-0.037285917	-0.95584995	
8b9fc973-4200-4934-8169-dde2de5b1d10	FlareGunPropBlue	-38.48	44.189995	-174.91	0.05299434	0.05299434	0.70511824	0.70511824	
807a3609-f153-4686-9342-a08cff1407bd	PegTileProp7	4.596735	110.523994	-377.1897	0.1367891	-0.8199992	0.21971819	0.5105037	
28cf2386-5e54-4b7e-99ba-283298aa3816	XrayGogglesProp (1)	-162.312	50.395996	-450.032	0.16196252	-0.16196102	-0.6883119	0.68830484	
37af3bec-d1e8-4072-817c-d44503769dd2	PegTileRoundProp	-247.6113	55.123043	-314.3712	0.643734	0.09941641	0.15428016	-0.7429136	LandmarksPlayerCountAny/EggHunt/Positioner/Eggs/PegTileHook_Round_yellow (7)/PegSlot/PegSlotHome
c06844a3-c8fc-4019-9972-e3a7913ba8dc	GourdProp	7.48154	46.218002	-654.2773	-3.3140793E-08	-0.989452	1.9085923E-07	-0.1448608	LandmarksPlayerCount4/Contents/PointersParadise/Positioner/GourdVice/AnimatingParts/GourdViceHome
abc5a86c-4618-4bf6-bdba-e97e488ef81e	BuoyRedProp (2)	-222.1172	32.592	-524.02905	-0	0.35379577	-0	0.9353229	
ec3b6a02-ff6e-4ed4-85b7-f230c36c8b4a	PegTileProp Speaker (2)	-523.01306	19.462	-385.0753	0.07951993	0.91920435	0.2463015	-0.29677576	
bc8ffeb2-72d5-4a52-81c4-43cccf81c7d5	GourdProp	526.5979	74.3218	-869.8182	-0	-0.68051857	-0	0.7327309	LandmarksPlayerCount4/Contents/CabinFeverLong/Positioner/CabinFeverHouse/GourdVice/AnimatingParts/GourdViceHome
712d424f-0597-40b4-abaf-198fc3ba8747	PegTileProp5	233.62483	71.758	-644.5732	-0.10434188	0.8839532	-0.23685461	-0.38940907	
e56da5eb-bac5-4c5e-b489-a8de3d204e7c	ClockProp	403.7602	11.811	-738.8414	-0	-0.25734466	-0	0.9663197	TrainSystem/TrainStop - South Valley Beach/WallHook/WallHookHome
59a73457-6368-4639-8ec7-335902797343	BuoyProp	-14.62	6.1027956	22.47	-0	0.15506618	-0	0.98790413	LandmarksNonChallenge/LooseBuoyPedestals/Anywhere/buoypedestal_Full_Orange (3)/BouyPedistalPropHome
5eec232c-c20f-432f-95dc-1c8d6b32e159	PegTileProp7	-737.4099	33.394	708.7232	0.22191846	-0.49707094	0.13318978	0.82821083	
42d53de3-0650-4152-bac5-fb584e0105a6	PegTileProp6	398.40527	46.588	-338.29675	-0.2561904	0.13731772	-0.03679467	-0.9561154	
9fadd6c5-af79-437f-80dd-ebb74d8526d4	XrayGogglesProp	-230.02719	120.964	-239.35538	0.40085483	0.2604104	-0.11996818	0.8701204	
022cdc17-4202-4401-a957-c7c2e75f29c5	CueCard	-136.6548	10.267	-442.40192	-0.61100155	-0.26488444	0.22783655	-0.71035486	LandmarksPlayerCount4/Contents/SecondGoodbye/Positioner/GoodbyePrinter/AnimatingParts/TextPanel (1)/PrinterPropHome
e0da06cd-6f68-44d9-8541-7616d8c4de9a	GourdProp	144.20436	10.224953	-675.7277	-0.11368098	0.8821737	-0.36540827	-0.27445024	LandmarksPlayerCountAny/Fielding/Positioner/Gourd/GourdVice/AnimatingParts/GourdViceHome
c2756ad3-4f4a-45e5-93a3-4c10e892ebdc	BuoyLight	-146.241	27.292751	-764.899	-0	-0	-0	1	LandmarksNonChallenge/LooseBuoyPedestals/Red Cone Hill/buoypedestalFull/BouyPedistalPropHome
3e944e74-2d2e-40e2-b1ba-a1afa8c937ee	HolsterProp	848.2425	97.689995	-631.3544	0.17460917	-0.712997	0.19104697	0.6516503	LandmarksNonChallenge/PackPavillions/SouthPeakPavillion/PackPavilion Double/PackHanger (1)/PackHanger home
66de92ed-177d-49d5-aa97-e86d98083ac0	FlareGunPropYellow	-415.87	22.712	-633.68	0.27266625	-0.27266625	-0.652421	0.652421	
07408f9b-c6a1-4f6b-a8c5-b76cfd4823e5	PegTileProp2	4.024313	111.509995	-376.91403	0.1367891	-0.8199992	0.21971819	0.5105037	
a113fd6c-b240-4733-96f0-88ba45b63a96	PegTileProp30	859.86816	22.371	-852.1768	-0.25366494	0.19180828	-0.051394895	-0.9466902	
c7e7367a-5837-498c-854d-11c462dddfea	PegTileRoundProp	-256.66187	55.782997	-343.17484	-0	-0.3420201	-0	0.9396927	LandmarksPlayerCountAny/EggHunt/Positioner/Eggs/PegTileHook_Round_red/PegSlot/PegSlotHome
1ab0b364-b685-40da-8c69-cee1d1276294	PegTileProp5	860.5127	23.9	-851.2357	-0.25366494	0.19180828	-0.051394895	-0.9466902	
1690f6b6-2f55-404f-b578-dd7bf7ca3d47	PegTileProp2	-737.5206	34.38	709.3488	0.22191846	-0.49707094	0.13318978	0.82821083	
ec18c681-ae50-4fab-b62e-1ecb97f62d2f	PegTileRoundProp	-250.41899	45.458485	-366.19174	-0.6762645	-0.028093027	0.02723683	0.735619	LandmarksPlayerCountAny/EggHunt/Positioner/Eggs/PegTileHook_Round_green/PegSlot/PegSlotHome
4c4fb3a2-0a19-418b-9ac7-27ab4475adef	KeyBigProp Ending	-29.640331	117.72	-286.22543	-0.86816204	-0.35960683	0.31598502	0.13088638	LandmarksPlayerCount4/Contents/BlackTower/Positioner/BigKeyInStoneEnding/KeyStoneAnimator/KeyStoneHome
31ee129b-1e8e-4ebb-ae58-3d30dd128910	PegTileProp10	858.82855	23.383	-852.183	-0.25366494	0.19180828	-0.051394895	-0.9466902	
1d880c5b-c1ee-432f-a956-f5707153a99e	PegTileRoundProp	-243.59631	55.099	-345.43872	-0	-0.33528492	-0	0.94211686	LandmarksPlayerCountAny/EggHunt/Positioner/Eggs/PegTileHook_Round_red/PegSlot/PegSlotHome
db6b759e-2365-4073-a950-da864dda2de8	PegTileProp7	513.0671	11.41	-683.65485	-0	0.045089602	-0	0.99898297	LandmarksPlayerCount4/Contents/TrapRoom/positioner/PegTileCase/Slots/PegSlot (7)/PegSlotHome
db9c9240-b43a-4336-b11f-4c9096f80efc	BuoyLight	89.59	47.286343	-489.7	-0	-0	-0	1	LandmarksPlayerCountAny/CannonBallCarry/buoypedestal_Full_Red/BouyPedistalPropHome
932d2696-ed7f-49bc-a85c-f8c15d33d4b9	PegTileProp9	388.755	46.124	-355.38364	-0.15513623	0.7731738	-0.20717168	-0.57897747	
b2f9b7af-39f5-431c-9908-c2ebf6d6453b	BuoyLight	171.85	84.243546	-380.53	-0	0.15506618	-0	0.98790413	LandmarksNonChallenge/LooseBuoyPedestals/Anywhere/buoypedestalFull (5)/BouyPedistalPropHome
6efb6db4-76c1-4ffa-b249-8badc6d4bf82	WalkieTalkieProp	124.3598	152.529	-309.54282	-0	-0.9332348	-0	0.3592677	
9bf74ba0-af80-45c7-b9db-bd3d15137f10	foldingChair (1)	449.1256	6.97	-791.28955	-0	-0.920401	-0	0.3909757	
188b0ff4-8fb4-489e-a5c5-5c462f73ae70	PegTileRoundProp	-218.67001	57.379993	-387.48	-0.665551	0.23883447	0.2388344	0.665551	LandmarksPlayerCountAny/EggHunt/Positioner/Eggs/PegTileHook_blue (3)/PegSlot/PegSlotHome
c2fd7fad-93e3-4f21-a785-73f5e93f3a53	PegTileRoundProp	-229.23553	55.35718	-349.26288	0.5163921	-0.3046698	-0.26784196	-0.7541725	LandmarksPlayerCountAny/EggHunt/Positioner/Eggs/PegTileHook_Round_yellow (5)/PegSlot/PegSlotHome
94e2d0a8-26c8-418f-a3c9-778a6d0e324b	PegTileProp1	4.2449875	111.509995	-377.3627	0.1367891	-0.8199992	0.21971819	0.5105037	
573fade7-b5ae-4f2f-a431-677a7ed7936d	PegTileProp5	765.12415	55.748	-809.4824	-0.25611928	0.1391529	-0.037285917	-0.95584995	
b4dbfae3-89e9-45c0-9dd0-3fd815cd3904	XrayGogglesProp	139.83696	101.794	-201.83601	0.058669742	-0.8992801	0.41428834	0.1273522	
96c64f57-35e0-4a8b-9d66-0630ad865f23	PegTileProp8	233.78496	71.29401	-644.4267	-0.10434188	0.8839532	-0.23685461	-0.38940907	
8e4c6b5a-fe32-4153-88e5-115b4e67cc99	SignProp center	-190.60776	34.336	-524.6354	4.3535134E-10	0.93490994	-1.6525643E-10	-0.35488552	LandmarksNonChallenge/SpawnCourtyardandHubPlatform/Positioner/Hub/NoticeBoardWhiteboards/WallHook (1)/WallHookHome
67381e6b-1a23-4aa2-87e5-98b7cb80f01f	PegTileRoundProp	-248.2759	38.393894	-370.6029	-0.04235214	-0.65785635	0.02229258	0.75162125	LandmarksPlayerCountAny/EggHunt/Positioner/Eggs/PegTileHook_Round_green/PegSlot/PegSlotHome
087f1e73-309b-4db2-8e39-dee6c926ad59	BuoyProp	491.863	40.815044	-81.049	-0	-0	-0	1	LandmarksNonChallenge/LooseBuoyPedestals/Anywhere/New/buoypedestal_Full_Orange (7)/BouyPedistalPropHome
a5ac7677-26dc-40aa-a6c5-3c3239d6226b	PegTileProp6	415.55322	46.588	-348.15524	-0.20717178	-0.57897687	0.15513608	-0.77317435	
c5e792c4-080b-4377-8d68-f09c00debc91	BuoyProp	445.66	6.7822847	-806.78	-0	-0	-0	1	LandmarksNonChallenge/LooseBuoyPedestals/buoypedestal_Full_Orange/BouyPedistalPropHome
fe116ecc-de21-4c86-a433-e77a1726a786	PegTileProp4	233.96231	71.758	-644.9421	-0.10434188	0.8839532	-0.23685461	-0.38940907	
987b4ef6-7b9d-483f-9eba-4bcf1e0643f0	PegTileProp1	-737.75586	34.38	708.9076	0.22191846	-0.49707094	0.13318978	0.82821083	
e69463b0-e27c-4247-93e4-50df64cd12ad	LaserProp	-224.43747	136.011	-235.56934	-3.0387053E-09	0.47571892	5.330111E-09	0.8795974	
e9d4ceeb-0735-48aa-a2f2-996b36eeba8a	GourdProp	634.9279	29.617308	-931.26587	-0.15296276	0.7127408	-0.66459984	-0.16404265	LandmarksPlayerCountAny/CenturionSeance/CenturionConents/Positioner - signal room/GourdVice/AnimatingParts/GourdViceHome
ab377757-2486-4904-bee8-8d91f09ee420	PegTileRoundProp	-266.5135	36.981045	-359.15308	0.06326096	0.9339288	0.23537347	-0.26148507	LandmarksPlayerCountAny/EggHunt/Positioner/Eggs/PegTileHook_Round_green/PegSlot/PegSlotHome
6995e1ac-4e81-4bfc-a636-b45eb4067ffc	PegTileProp1	858.7441	23.9	-851.9831	-0.25366494	0.19180828	-0.051394895	-0.9466902	
b1fba7ee-ebe8-498c-af32-85c4f2fc9406	PegTileProp20	859.3427	22.88	-852.1665	-0.25366494	0.19180828	-0.051394895	-0.9466902	
587c27b4-6ec3-408b-8390-96f80c65da16	GourdProp	-405.5367	15.313001	-540.20294	-0	0.5090725	-0	-0.8607237	LandmarksPlayerCountAny/MicrophoneArray/Positioner/GourdVice/AnimatingParts/GourdViceHome
413a5aeb-f85e-445a-b11d-375675c7e044	PegTileProp9	596.9953	29.043999	-305.80298	0.21773636	0.5221964	-0.13992214	0.812603	
94876c24-50ba-41cb-8fdd-9bd026f3be32	BuoyProp	-282.838	1.704171	-667.057	-0	-0	-0	1	LandmarksNonChallenge/LooseBuoyPedestals/Intro/buoypedestal_Full_Orange (1)/BouyPedistalPropHome
96107395-7edb-4b54-adb8-75404e02a566	PegTileProp21	859.78485	22.88	-851.9797	-0.25366494	0.19180828	-0.051394895	-0.9466902	
d8bcc126-dbe7-4d44-a1d6-379a74f7fee8	PegTileProp3	2.0297585	4.21	70.86328	0.2583491	-0.058186486	0.015591025	0.9641717	
ebdec567-58c0-48c7-a62a-bbd843bef36f	FmRadioProp	-162.91962	50.409508	-449.8825	2.2351742E-07	-0.9984561	-1.0803342E-07	0.055547744	
c497c8dc-92b6-432a-8b3a-c7eceb418d6e	PegTileProp2	765.0742	56.27	-809.3147	-0.25611928	0.1391529	-0.037285917	-0.95584995	
175a94f8-5fd0-4ac2-892d-c3fb70da8442	foldingChair (3)	-145.75926	72.224	-305.58023	-0	-0.017371476	-0	0.9998491	
4ba69934-cace-42d6-9d22-67515fb66331	PegTileProp3	513.565	11.91	-683.6999	-0	0.045089602	-0	0.99898297	LandmarksPlayerCount4/Contents/TrapRoom/positioner/PegTileCase/Slots/PegSlot (3)/PegSlotHome
b2913ee0-2c3f-4582-a2f5-6c9f33b40b3b	LaserProp	461.8909	117.020996	-445.1975	-0	-0.64177024	-0	-0.766897	
93c395e1-17c5-4c71-ab06-ac2b2fbf5094	PegTileProp9	405.63364	46.124	-365.09497	-0.03679464	-0.95611537	0.2561904	-0.1373178	
24d2f9a5-5376-4a7c-b08c-17e9c060855b	BuoyProp	84.71984	153.24081	-369.4104	-0	-0.9961947	-0	-0.08715578	LandmarksNonChallenge/Diffuser_Peak/Positioner/buoypedestal_Full_Orange/BouyPedistalPropHome
b90611e9-5f88-4d22-91d8-b515293dce54	GourdProp	780.9165	26.753	-1001.4843	0.6854296	-0.17374204	0.17374225	0.68542963	LandmarksPlayerCount4/Contents/SpeedObby/Positioner/ObbyBuilding/5/GourdVice/AnimatingParts/GourdViceHome
ec17f547-5b1f-4fcf-828e-f2932dc2f620	FmRadioProp	-33.472355	11.979	-63.196136	-0	0.15592168	-0	0.9877695	
edd455c7-cdfd-467a-a854-5f44499df55c	GourdProp	337.67294	60.281982	-505.8774	-0.004971241	-0.99920934	0.0030235178	0.039331436	LandmarksPlayerCountAny/MusicalHoliday/PositionerDestination/GourdBox/OpenableBox/BoxGourdHome
c7ba38c6-f0fe-45fd-ad4a-6d1907b408ae	LaserProp (2)	-117.01714	49.532005	-506.26318	-0	0.072476596	1.4901161E-08	0.99737024	
870ca2f6-7588-4598-b755-8faf25c3a1e4	PegTileProp3	188.34946	78.78313	-101.659584	0.23456982	-0.40821764	0.10938163	0.8754263	
556ba962-5281-47ac-9ecf-b7ba73b4ef15	PegTileProp5	-737.3662	33.858	709.26654	0.22191846	-0.49707094	0.13318978	0.82821083	
672600c5-30bd-4d88-b8e4-fb9cf2098650	PegTileProp2	859.1862	23.9	-851.79626	-0.25366494	0.19180828	-0.051394895	-0.9466902	
d069a848-37f5-40e0-ac18-64516951f481	BuoyLight	364.02	77.8745	-453.22	-0	0.15506618	-0	0.98790413	LandmarksNonChallenge/LooseBuoyPedestals/Anywhere/buoypedestalFull (10)/BouyPedistalPropHome
33835dae-89d3-4e3a-a04f-b672e5dc6184	CueCard (4)	-136.71634	9.543	-442.47296	0.66254324	-0.2470559	-0.24705595	-0.6625431	
38722a78-da82-4d6e-80c4-efd70e1be90f	BuoyLight	63.51	35.994007	-616.75	-0	0.15506618	-0	0.98790413	LandmarksNonChallenge/LooseBuoyPedestals/Anywhere/buoypedestal_Full_Red/BouyPedistalPropHome
820e7b55-26c4-4d7e-bdd3-4c4ac5606d82	PegTileProp7	234.12244	71.29401	-644.79565	-0.10434188	0.8839532	-0.23685461	-0.38940907	
e854b404-7ad4-4b2c-82f9-54d1b0bf6591	GourdProp	2.497459	7.637	-765.555	-0.7051881	-0.05205527	-0.052056342	0.70518804	LandmarksPlayerCount4/Contents/Labyrinth/Positioner/GourdVice/AnimatingParts/GourdViceHome
9c0a4126-6e80-4ba4-aec0-533ff0da9dbf	GourdProp	342.85052	27.613	-204.5747	0.13189341	-0.6946971	0.69469714	0.1318936	LandmarksPlayerCount4/Contents/Obby/Positioner/ObbyBuilding/5/GourdVice/AnimatingParts/GourdViceHome
250b38ee-1f93-4156-ac41-971e057c4a48	PegTileProp5	4.1813316	110.988	-376.8368	0.1367891	-0.8199992	0.21971819	0.5105037	
71a7152a-a4af-4f2b-a654-adf6ad93dbaf	PegTileProp1	764.595	56.27	-809.4573	-0.25611928	0.1391529	-0.037285917	-0.95584995	
b3d2a6aa-79b3-46fb-8412-acd1e0436954	PegTileRoundProp	-210.58884	52.235	-344.57245	-0	-0.80626905	-0	0.591549	LandmarksPlayerCountAny/EggHunt/Positioner/Eggs/PegTileHook_blue/PegSlot/PegSlotHome
3bfe0dec-42de-4c31-87ab-a72f0b94722a	HolsterProp	303.66193	83.22	-340.69028	0.25524962	-0.15986666	0.04283613	0.95260453	LandmarksNonChallenge/PackPavillions/OverlookBackpackPavilion/PackPavilion Holster/PackHanger/PackHanger home
03b99000-0640-4f67-9da4-8eac378a4158	GourdProp	142.5433	9.951031	-612.33124	-0.24104752	-0.7587414	-0.43805906	0.417507	LandmarksPlayerCountAny/BasketballChallenge/Positioner/GourdVice/AnimatingParts/GourdViceHome
b63c99d2-1974-4ac7-adf6-18e24f9898df	PegTileProp6	-1.2388238	72.748	-257.05844	0.2565092	0.12876129	-0.03450149	0.9573052	
3bfaaa40-7101-4f52-ad72-a283a8e39cac	BuoyProp	880.5355	1.8056879	-815.344	-0	-0	-0	1	LandmarksNonChallenge/LooseBuoyPedestals/Anywhere/New/buoypedestal_Full_Orange (6)/BouyPedistalPropHome
080554bb-bc16-41cd-bc96-4765cec96beb	BuoyLight	-210.2	53.951923	-321.65	-0	0.15506618	-0	0.98790413	LandmarksNonChallenge/LooseBuoyPedestals/Anywhere/buoypedestalFull (13)/BouyPedistalPropHome
336860b3-824b-4f21-a160-68f11ec7fd69	PegTileProp5	406.1745	46.588	-365.1625	-0.03679464	-0.95611537	0.2561904	-0.1373178	
11c1d018-3dbf-46d4-b1de-f9aba4d29fc2	BuoyLight	-66.74	80.666626	-227.35	-0	0.15506618	-0	0.98790413	LandmarksNonChallenge/LooseBuoyPedestals/Anywhere/buoypedestalFull (6)/BouyPedistalPropHome
f5968f8c-0d91-4310-a0eb-1a6a95cbc69a	PegTileProp1	513.0671	12.41	-683.65485	-0	0.045089602	-0	0.99898297	LandmarksPlayerCount4/Contents/TrapRoom/positioner/PegTileCase/Slots/PegSlot (1)/PegSlotHome
48da7ac6-988f-4f4b-a376-3686fe550f69	MegaphoneProp	896.0248	30.583	-789.69916	0.70383376	0.06795521	-0.067955285	0.7038338	
9e7486b7-e953-401e-bdab-49f665e02f4c	KettleProp (3)	-101.10494	14.62	-1.0143812	-0	-0.06596005	-0	0.99782234	
cf0fd97f-0f39-4b0c-9474-54c665aeb2e9	CowBellLargeProp	-228.14363	33.3	-520.6909	-0.18123603	0.8182077	0.40179136	0.36912546	
d0faa740-03e0-450c-8094-65b74ed409a1	PegTileProp5	596.985	29.508	-305.25806	0.21773636	0.5221964	-0.13992214	0.812603	
cee6114c-2dc0-4d02-a393-5686a2f2e9b8	WalkieTalkieProp	81.19538	33.209	-81.195145	-0	-0.71794164	-0	-0.6961036	
473f84bd-2e89-4047-ba25-dbcacf49e5d4	PegTileProp1	388.66028	47.11	-356.45355	-0.15513623	0.7731738	-0.20717168	-0.57897747	
8b921194-2c3b-483b-bfb6-1e8c13fe7319	PegTileProp32	860.75244	22.371	-851.80316	-0.25366494	0.19180828	-0.051394895	-0.9466902	
33494b4b-6d5e-4ac4-bcbb-fb43ddeb6bf2	KettleProp	-729.04095	74	709.3618	-0	-0.8574268	-0	-0.51460594	
f468d4dc-594e-4c62-80d4-3a85d9e25b3e	ClockProp	567.6819	16.827	-674.5126	-0	0.56192005	-0	-0.8271916	TrainSystem/TrainStop - Trap Room/WallHook/WallHookHome
c8df0258-dca8-4b06-9760-6197d80a03b8	PegTileProp31	860.3103	22.371	-851.99	-0.25366494	0.19180828	-0.051394895	-0.9466902	
0460483f-1636-4ee6-8635-2168a9acaf34	BuoyProp	-211.86894	32.837997	-515.2765	-0	-0.9115446	-0	-0.4112013	LandmarksNonChallenge/SpawnCourtyardandHubPlatform/Positioner/StumpSeats/buoypedestal_Full_Orange/BouyPedistalPropHome
6beb48a3-60de-41e8-a9f6-d39772bcdfa4	BuoyProp	-427.383	95.453674	-235.002	-0	-0	-0	1	LandmarksNonChallenge/LooseBuoyPedestals/Anywhere/New/buoypedestal_Full_Orange (3)/BouyPedistalPropHome
ac3c9805-7c2e-43b4-9078-234543a85965	foldingChair	-139.6591	73.18	-305.87866	-0	-0.31998715	-0	0.9474219	
4ce58b39-5d80-4f2b-8771-aad50407b12c	PegTileRoundProp	-267.10272	52.16086	-346.56894	-0.31744328	-0.687725	-0.48244128	0.4399029	LandmarksPlayerCountAny/EggHunt/Positioner/Eggs/PegTileHook_Round_green/PegSlot/PegSlotHome
414b2de2-71df-4e13-bb0e-8102254b62fc	PegTileRoundProp	-251.514	57.379993	-379.66803	-0.19169398	0.68062735	0.68062717	0.19169396	LandmarksPlayerCountAny/EggHunt/Positioner/Eggs/PegTileHook_blue (5)/PegSlot/PegSlotHome
666bab45-62f3-4b1a-bcb0-5988bb1c90fc	PegTileProp9	4.155403	110.523994	-376.29236	0.1367891	-0.8199992	0.21971819	0.5105037	
a320ef4c-d456-46ca-be10-edd904d688a8	PegTileProp4	-84.29237	15.528	-5.3798018	-0.057261586	-0.94198924	0.25240532	-0.2137031	
aa993e27-4dc0-440b-a4d1-36e9a1162805	PegTileRoundProp	-231.3585	40.7788	-377.1507	-0.08325083	0.72753143	0.19053403	0.6538074	LandmarksPlayerCountAny/EggHunt/Positioner/Eggs/PegTileHook_Round_green/PegSlot/PegSlotHome
ad15c75f-d9fe-4809-9284-209283527638	PegTileProp8	512.5691	11.41	-683.6098	-0	0.045089602	-0	0.99898297	LandmarksPlayerCount4/Contents/TrapRoom/positioner/PegTileCase/Slots/PegSlot (8)/PegSlotHome
41e7b481-2e10-4d62-9136-5e6e0ba9fa7d	FmRadioProp	-218.05786	27.656181	-791.56274	-0	-0.12935919	-0	0.99159795	
478bb729-6942-4d46-be3d-a65cc1c4a70c	PegTileProp4	815.8902	14.428001	-436.6976	0.205335	-0.5880183	0.15755907	0.7663205	
082ae786-e231-469b-a77b-a1133693c2d7	PegTileProp2	388.51953	47.11	-355.97375	-0.15513623	0.7731738	-0.20717168	-0.57897747	
dceb4dd3-5f79-423c-b83c-39cca9e1bae2	PegTileProp9	-736.9395	33.394	709.60565	0.22191846	-0.49707094	0.13318978	0.82821083	
eaa97883-12ad-4e8e-9f6d-cdf7f1a3a061	BuoyLight	469.88968	95.885666	-430.45035	-0	-0.42141482	-0	-0.906868	LandmarksNonChallenge/Lookouts/Lookout_GreenHourglass/buoypedestalFull (2)/BouyPedistalPropHome
a1a759aa-eaef-4ed8-9395-4ccac4ad2f4b	PegTileProp8	816.2292	13.964001	-436.2708	0.205335	-0.5880183	0.15755907	0.7663205	
f566452b-bde4-4328-b78a-f8a05e993f87	GourdProp	-150.5267	71.67244	-292.02127	0.26211822	0.54341877	-0.77608263	0.18353695	LandmarksPlayerCount4/Contents/ConductorConcert/Positioner/Room_Outside/GourdVice/AnimatingParts/GourdViceHome
2348f8f9-7bbb-4f16-b6e2-e77a0ebd7380	PegTileProp8	-84.83706	15.064	-5.399788	-0.057261586	-0.94198924	0.25240532	-0.2137031	
209a7dc3-9dcb-425e-86c5-3a84aa9bd0ec	ClockProp	119.5285	4.651	-675.9864	-0	0.30950704	-0	0.95089716	TrainSystem/TrainStop - Sports Valley/WallHook/WallHookHome
07034671-09fc-4220-9bd4-c73e7942a194	BuoyLight	684.0258	117.111115	-565.747	-0	-0.91787356	-0	0.39687297	LandmarksPlayerCount4/Contents/BreadcrumbLoop/BreadcrumbStation (1)/buoypedestal_Full_Red/BouyPedistalPropHome
2759a952-bc5c-4911-bae7-f89bade0c9a8	CueCard (5)	-136.71634	9.543	-442.47296	0.66254324	-0.2470559	-0.24705595	-0.6625431	
a3c6e73b-6a4d-4c70-ac9f-efaa9502381a	PegTileProp5	388.68747	46.588	-355.9245	-0.15513623	0.7731738	-0.20717168	-0.57897747	
4a7a0ddb-b444-44f3-89ac-3f864ba64119	PegTileProp1	596.93646	30.029999	-304.73053	0.21773636	0.5221964	-0.13992214	0.812603	
f2dea8ab-08ea-434d-b98b-7e66a499392e	BackpackProp	595.4956	20.062212	-774.1372	-0.029707482	-0.9430239	0.090757266	-0.31872648	LandmarksNonChallenge/PackPavillions/OberonBackpackPavillion/BackpackPavilion/PackHanger/PackHanger home
1d97c0ac-bb66-4000-a0cb-6436a216fd6b	PegTileProp3	398.35602	47.11	-338.1288	-0.2561904	0.13731772	-0.03679467	-0.9561154	
3d5362ae-1408-4783-92d5-0859cf1c0f14	PegTileProp9	862.28125	23.9	-850.4884	-0.25366494	0.19180828	-0.051394895	-0.9466902	
56a5d535-d1a6-4ada-a1b3-cf6951bb2e66	TorchProp	-38.990982	80.66	-332.18634	-0	-0.814667	-0	0.5799291	
ead91cc2-57d8-4556-878a-cb22174ff7b6	GourdProp	-7.450347	73.281	-262.7951	0.700796	0.094259866	-0.094259866	0.700796	LandmarksPlayerCountAny/ObservationRoom/Positioner/ObserveeRoom/GourdVice/AnimatingParts/GourdViceHome
f84cb1c7-1702-4fa1-9ddb-f4c334041237	BuoyLight	114.51	171.97354	-345.53	-0	-0	-0	1	LandmarksNonChallenge/PeakMarker/Positioner/buoypedestalFull (2)/BouyPedistalPropHome
accb5df0-1452-4b84-8607-9f01bd517103	BuoyLight	87.99326	121.25189	-286.30518	-0	-0	-0	1	LandmarksNonChallenge/LooseBuoyPedestals/Anywhere/New/buoypedestal_Full_Red (4)/BouyPedistalPropHome
c7141d1b-96bf-4c2c-8c05-3d2067e64a93	BuoyLight	275.44	88.49771	-537.71	-0	0.15506618	-0	0.98790413	LandmarksNonChallenge/LooseBuoyPedestals/Anywhere/buoypedestalFull (9)/BouyPedistalPropHome
62f36e5c-3fa9-42ee-b94f-c39ef5ccf1d4	PegTileProp1	406.70355	47.11	-365.1897	-0.03679464	-0.95611537	0.2561904	-0.1373178	
ed3764e5-aaeb-454e-86ee-a338c85a5d93	PegTileProp17	861.9236	23.383	-850.8751	-0.25366494	0.19180828	-0.051394895	-0.9466902	
1a014620-29dd-4517-8990-3854045129bd	BuoyRedProp (1)	-221.18843	32.893997	-524.56354	-0	0.35379577	-0	0.9353229	
f3dce96c-8e8e-4cda-8026-ba971d03978e	PegTileProp7	-84.386	15.063999	-5.1840334	-0.057261586	-0.94198924	0.25240532	-0.2137031	
bba47059-5dc0-4f0c-9a91-ed0232a2babb	GourdProp	662.157	87.972	-705.7702	-0	0.69084674	-0	0.7230012	LandmarksPlayerCountAny/CannonBallCommute/PositionerReceiver/GourdVice/AnimatingParts/GourdViceHome
cee3788b-9149-49c9-b203-39f30987e506	PegTileProp29	859.426	22.371	-852.36365	-0.25366494	0.19180828	-0.051394895	-0.9466902	
3bdbc5f6-9af2-4fcb-9c2e-2bf4ffb2c716	PegTileProp7	816.0998	13.964001	-436.75378	0.205335	-0.5880183	0.15755907	0.7663205	
8659cf68-93b2-4e48-b08c-f8a46a3cd2fd	PegTileProp2	597.14417	30.029999	-305.18533	0.21773636	0.5221964	-0.13992214	0.812603	
f678de6a-4d2a-40da-9c07-57e1a359158c	PegTileProp6	-173.14673	12.788	-683.41486	0.24534096	0.30764315	-0.08243276	0.9156246	
17e22f02-4f01-4aa4-83fb-d2871acd97cd	BuoyProp	-65.01698	78.137886	-645.9698	-0	-0	-0	1	LandmarksNonChallenge/LooseBuoyPedestals/Anywhere/New/buoypedestal_Full_Orange/BouyPedistalPropHome
1c7ffee7-079f-4c4c-afc0-10f4761eec25	PegTileProp9	765.6652	55.284	-809.54785	-0.25611928	0.1391529	-0.037285917	-0.95584995	
57632bfc-688b-40e4-aabd-d020f489b291	TorchProp	332.44928	37.06	-364.94086	-0	0.8496803	-0	0.52729833	
e007cc19-9f5b-4d45-af25-1d722c50b74d	PegTileProp6	-747.17505	83.858	665.768	0.13318996	0.8282105	-0.22191836	0.49707156	
e94f569e-9f96-4d3c-9c7e-a1b369c74ab3	foldingChair	453.48285	6.77	-802.92346	-0	-0.57011366	-0	0.82156587	
555c3ffa-c8a5-4a2a-ac60-f07a0288d752	PegTileProp2	406.22375	47.11	-365.33044	-0.03679464	-0.95611537	0.2561904	-0.1373178	
84dbdcab-ed7d-46ce-9559-128e77f6cc00	Pomodoro	-732.8093	65.01667	723.55206	-0	0.85742533	-0	0.5146084	LandmarksPlayerCount4/Contents/SilentGauntlet 4Player/Positioner/Level2/GauntletKick02ToKick/PomodoroDispenser/PomodoroDispenserAnimator/PomodoroDispenserHomeDispenser
ae72aa3d-2a4d-4d41-bee7-88ce93a39094	PegTileProp28	858.9839	22.371	-852.5505	-0.25366494	0.19180828	-0.051394895	-0.9466902	
d252953b-ebd1-484a-a555-953bccb904c0	BuoyProp	715.938	139.63531	-579.95605	-0	-0	-0	1	LandmarksNonChallenge/SouthPeak/Positioner/buoypedestal_Full_Orange/BouyPedistalPropHome
01fb88ad-d614-45f9-8f16-fd3fd06cd8bc	GourdProp	236.64291	71.50095	-641.81244	0.3502067	0.37245843	-0.15427712	0.8454754	LandmarksPlayerCountAny/OpticalTelegraph/Positioner/CentralArea/GourdVice/AnimatingParts/GourdViceHome
a7feca56-e073-4649-b62b-dcbe064fb5a2	GourdProp	598.0215	30.453001	-311.98004	0.15032536	0.690943	-0.69094306	0.1503256	LandmarksPlayerCountAny/BlindfoldFishTrap/Positioner/GourdVice/AnimatingParts/GourdViceHome
d63a2c5d-fa4e-4b9b-bbe7-f0ae30bd6934	PegTileProp3	415.72113	47.11	-348.106	-0.20717178	-0.57897687	0.15513608	-0.77317435	
889c0df4-dc0a-402e-8bf1-93b5c0b90aaa	PegTileProp16	861.48145	23.383	-851.06195	-0.25366494	0.19180828	-0.051394895	-0.9466902	
cc2c5f03-d226-4336-8fb1-c9d3654c22be	PegTileProp33	861.1946	22.371	-851.61633	-0.25366494	0.19180828	-0.051394895	-0.9466902	
28e1e766-0e5e-42bf-ad95-66723f3c63ed	PegTileProp8	388.8957	46.124	-355.86343	-0.15513623	0.7731738	-0.20717168	-0.57897747	
99d8a99a-89eb-4ad0-8736-104aafe1fdd7	BuoyLight	-178.12	41.689953	-505.22	-0	-0	-0	1	LandmarksNonChallenge/LooseBuoyPedestals/Intro/buoypedestalFull (8)/BouyPedistalPropHome
cd13982a-b04f-466e-b99e-48fffb79ae9a	PegTileProp4	388.8282	46.588	-356.40427	-0.15513623	0.7731738	-0.20717168	-0.57897747	
95ace82d-d948-4421-86e2-d9beb5e29fae	PegTileProp2	815.8506	14.950001	-436.16934	0.205335	-0.5880183	0.15755907	0.7663205	
32770835-0bce-4c92-a871-fef81a079b35	PegTileProp7	596.5799	29.043999	-304.8934	0.21773636	0.5221964	-0.13992214	0.812603	
72bc4c22-4418-4b7c-9c1d-e8cfa5040102	FlareGunPropGreen	84.56	123.45999	-377.43	0.177822	-0.177822	-0.6843825	0.6843825	
a6cfab06-1d04-48d0-972c-fa9fa7e03e59	PegTileProp2	-84.6679	16.05	-5.7534122	-0.057261586	-0.94198924	0.25240532	-0.2137031	
34ceba57-c27a-48a1-93bd-2b7e9f8fdd56	BuoyLight	8.32427	110.70799	-374.81027	-0	0.97399575	-0	0.2265664	LandmarksPlayerCountAny/Carousel/Positioner/Departing/buoypedestalFull (2)/BouyPedistalPropHome
02e75b25-ffa8-49e9-9fa3-7c453206aad9	BackpackProp	848.27094	97.939995	-630.8899	0.08706781	-0.044738024	0.0039140694	0.99518967	LandmarksNonChallenge/PackPavillions/SouthPeakPavillion/PackPavilion Double/PackHanger/PackHanger home
5ee8fa69-8937-4841-b9a7-ee8a10c3a933	BuoyProp	-177.86	11.31717	-672.6	-0	-0	-0	1	LandmarksNonChallenge/LooseBuoyPedestals/Intro/buoypedestal_Full_Orange/BouyPedistalPropHome
12a7f64b-8175-4857-a371-77dc2989cd68	BuoyProp	138.62	78.22023	-424.19	-0	0.15506618	-0	0.98790413	LandmarksNonChallenge/LooseBuoyPedestals/Anywhere/buoypedestal_Full_Orange (2)/BouyPedistalPropHome
5a87bda7-9397-481d-80f8-d9e52ec98242	BuoyLight	748.60535	25.026928	-944.53314	-0	0.9692488	-0	0.24608311	LandmarksPlayerCount4/Contents/SpeedObby/Positioner/ObbyBuilding/buoypedestal_Full_Red/BouyPedistalPropHome
b24c5536-8673-480f-ab30-6a7a1c84ad41	BigKeyProp	-376.29437	2.9049	-710.13226	-0.17251587	0.0714584	-0.9076298	0.37595254	LandmarksNonChallenge/IntroPavilion/Positioner/BigKeyInBox/KeyStoneAnimator/KeyStoneHome
37c93d32-1968-480f-9d37-0ab972f81496	PegTileProp27	862.43774	22.88	-850.8587	-0.25366494	0.19180828	-0.051394895	-0.9466902	
ab64d427-6b60-420f-bd0e-a7a1839ceb3f	PegTileProp7	406.59323	46.124	-364.81357	-0.03679464	-0.95611537	0.2561904	-0.1373178	
79581245-38ff-40a9-b814-e5ede38e5352	PegTileProp24	861.11127	22.88	-851.4192	-0.25366494	0.19180828	-0.051394895	-0.9466902	
27e9248b-2dde-4ee5-af4f-db145e16c484	CueCard (2)	-136.71634	9.543	-442.47296	0.66254324	-0.2470559	-0.24705595	-0.6625431	
307d526d-780f-4fe2-b3fd-95f74b86319c	CowBellSmallProp	-228.73198	33.225	-521.50543	-0.18123603	0.8182077	0.40179136	0.36912546	
fee806b8-8617-49f8-99af-bdea0c148ed0	BuoyLight	-243.36	20.279999	-565.76	-0	-0	-0	1	LandmarksNonChallenge/LooseBuoyPedestals/Intro/buoypedestalFull (5)/BouyPedistalPropHome
c716c86d-81a7-40cc-873f-0405821dbd72	BuoyLight	-714.75586	5.6691523	-389.33215	-0	-0	-0	1	LandmarksNonChallenge/LooseBuoyPedestals/Anywhere/New/buoypedestal_Full_Red/BouyPedistalPropHome
35a1839a-f187-49b2-9a45-a0152589714c	PegTileProp1	-84.21685	16.05	-5.537654	-0.057261586	-0.94198924	0.25240532	-0.2137031	
5aee9530-d618-4635-a461-154729bbad3c	BuoyProp	64.78343	6.9677286	-15.361849	-0	-0.28123975	-0	0.9596376	LandmarksPlayerCountAny/BlindfoldCatwalk/Positioner/buoypedestal_Full_Orange (1)/BouyPedistalPropHome
d428333b-bc32-4507-b23d-ae56cb591dea	PegTileProp1	815.7211	14.950001	-436.6523	0.205335	-0.5880183	0.15755907	0.7663205	
b151ce51-fda9-4caa-8ed2-d78fce41098b	GourdProp	544.5306	1.1149856	-57.124954	0.004126466	0.27757508	0.0041020936	0.9606864	LandmarksPlayerCountAny/FlareRun/Positioner Box/GourdBox Camo/OpenableBox/BoxGourdHome
d7207eb0-2acb-42d5-a153-35343f41f94f	PegTileProp9	233.44751	71.294	-644.05774	-0.10434188	0.8839532	-0.23685461	-0.38940907	
e902bde0-e23a-4651-a601-712fa66de665	GourdProp	-192.35767	19.232985	-602.7775	-0.0034087808	-0.9056803	0.004715411	0.42392138	LandmarksPlayerCountAny/FixedTelescopeToGourd/Positioner-Box/BoxPositioner/GourdBox/OpenableBox/BoxGourdHome
cbbf5ba7-0026-4737-9547-2e69187a2845	TorchProp	-33.734863	40.49	-532.86847	-0	0.9656996	-0	-0.2596619	
bf436b99-fb48-43cc-9ceb-364a8ef0afd7	BuoyLight	323.99652	25.4446	-261.1209	-0	0.18614589	-0	0.98252213	LandmarksPlayerCount4/Contents/Obby/Positioner/ObbyBuilding/buoypedestal_Full_Red/BouyPedistalPropHome
155e557d-b72c-4137-a33c-e5066df4331b	PegTileProp4	513.0671	11.91	-683.65485	-0	0.045089602	-0	0.99898297	LandmarksPlayerCount4/Contents/TrapRoom/positioner/PegTileCase/Slots/PegSlot (4)/PegSlotHome
a5992995-191a-45b7-aa23-e9a64a4fede7	WalkieTalkieProp	142.28021	111.144005	-289.7172	-0	0.3592677	-0	0.93323475	
84f2b536-41a9-4571-8304-579b3f5cf584	GourdProp	-177.55252	13.860001	-683.90497	0.3147144	-0.3147144	-0.63321006	0.63321006	LandmarksPlayerCountAny/TellerWindow/Positioner/GourdVice/AnimatingParts/GourdViceHome
b10b2c30-96f5-4a31-9c04-e7d37ef0eab1	GourdProp	194.76944	79.673004	-103.79873	-0.6644631	0.24184474	0.24184474	0.6644631	LandmarksPlayerCountAny/PoetAndPreist/Positioner/PoetBuilding/GourdVice/AnimatingParts/GourdViceHome
5fe6cd00-1f4c-41c8-bfa4-18f407816859	PegTileProp8	406.11343	46.124	-364.95428	-0.03679464	-0.95611537	0.2561904	-0.1373178	
45ced5d1-2d41-480d-b241-c3015cce8b3f	PegTileRoundProp	-283.96796	49.308956	-346.94543	-0.747929	0.28774133	0.14731954	0.57974494	LandmarksPlayerCountAny/EggHunt/Positioner/Eggs/PegTileHook_Round_green/PegSlot/PegSlotHome
f92217d0-32f8-4b76-8655-57b2d1684ee1	PegTileProp4	406.65427	46.588	-365.0218	-0.03679464	-0.95611537	0.2561904	-0.1373178	
46687178-7286-4eb5-9288-a12e50c55728	PegTileProp3	-1.192584	73.27	-256.88968	0.2565092	0.12876129	-0.03450149	0.9573052	
0537b69a-6e49-406a-b93c-d6bc7f6cc4b3	BuoyLight	141.4635	101.52	-211.65161	-0	-0.9901209	-0	0.14021668	LandmarksNonChallenge/Lookouts/Lookout_BlueTube/buoypedestalFull (1)/BouyPedistalPropHome
5e71620c-a0e6-4b25-82f4-610eaae0a6db	PegTileProp6	188.48352	78.26113	-101.77207	0.23456982	-0.40821764	0.10938163	0.8754263	
f40709b7-b15b-4131-ab88-ae08571224ac	BinocularsProp	-89.81088	101.480995	-616.87854	-0	-0.9899635	-0	0.14132354	
40846c3b-f3a9-4d6a-a1a9-41154388b7d1	PegTileProp5	512.5691	11.91	-683.6098	-0	0.045089602	-0	0.99898297	LandmarksPlayerCount4/Contents/TrapRoom/positioner/PegTileCase/Slots/PegSlot (5)/PegSlotHome
a07dd9e2-0cbe-4955-a2dc-ada004ee3324	PegTileProp8	596.7876	29.043999	-305.3482	0.21773636	0.5221964	-0.13992214	0.812603	
b5461e87-1a09-4f2c-b9b5-158f195adbf3	BuoyProp	683.89	87.45746	-654.13	-0	-0	-0	1	LandmarksNonChallenge/LooseBuoyPedestals/Anywhere/buoypedestal_Full_Orange/BouyPedistalPropHome
d6270f5f-1ab7-4526-9e64-cccebde9389d	TorchProp	-88.96195	86.508995	-609.1193	-0.020942394	-0.97749895	0.17367971	-0.11786735	
46df655e-781d-46e9-a0b4-4e0e4e30fbdf	PegTileRoundProp	-245.21326	59.004997	-336.46112	-0	-0.3420201	-0	0.9396927	LandmarksPlayerCountAny/EggHunt/Positioner/Eggs/PegTileHook_Round_red (1)/PegSlot/PegSlotHome
2255ad57-c7ab-40f7-945d-e9619cbf84f7	PegTileProp4	596.7773	29.508	-304.80325	0.21773636	0.5221964	-0.13992214	0.812603	
639fd003-b138-4419-b6eb-84a3de6962d1	PegTileProp7	389.0364	46.124	-356.3432	-0.15513623	0.7731738	-0.20717168	-0.57897747	
72917beb-923c-4164-bbe6-ebed8ed752b6	PegTileRoundProp	-254.87901	57.379993	-374.449	-0.18539998	0.6823681	0.682369	0.18540019	LandmarksPlayerCountAny/EggHunt/Positioner/Eggs/PegTileHook_blue (1)/PegSlot/PegSlotHome
fb8f1410-c8bb-4458-b73e-f91391d82ee6	PegTileRoundProp	-243.02301	58.237	-347.294	0.29883623	-0.64085644	0.64085644	0.29883623	LandmarksPlayerCountAny/EggHunt/Positioner/Eggs/PegTileHook_Round_red (6)/PegSlot/PegSlotHome
b8c13911-00bc-4a9b-af1d-ea3ba3954a4b	PegTileProp6	498.26596	48.767975	-135.59038	0.44873434	-0.5471452	0.5429175	0.4522282	
cd88c773-6375-42c7-9475-76b288bd1c91	BuoyLight	97.630005	179.71754	-336.63	-0	-0	-0	1	LandmarksNonChallenge/PeakMarker/Positioner/buoypedestal_Full_Red/BouyPedistalPropHome
fc8e1982-6797-4745-bf7c-d2f86c1ce40b	PegTileRoundProp	-210.60678	56.841995	-344.57465	-0	-0.8204347	-0	0.5717403	LandmarksPlayerCountAny/EggHunt/Positioner/Eggs/PegTileHook_blue (1)/PegSlot/PegSlotHome
b6b916cf-b0d6-478d-be1a-95feba8a4c0d	BuoyLight	-0.6020098	111.708	-383.6471	-0	0.97399575	-0	0.2265664	LandmarksPlayerCountAny/Carousel/Positioner/Departing/buoypedestalFull/BouyPedistalPropHome
4b9cad35-ab44-4dfe-9e4b-390cb165aca5	BuoyProp	-132.939	24.712292	-718.392	-0	-0	-0	1	LandmarksNonChallenge/LooseBuoyPedestals/Red Cone Hill/buoypedestal_Full_Orange/BouyPedistalPropHome
fe48178e-1ccc-41d4-9642-3b974efa2184	GourdProp	8.516871	3.6419978	54.73135	-0	0.060239084	-0	-0.998184	LandmarksPlayerCount4/Contents/SemaphoreRooms/Positioner/SemaphoreBuilding/GourdVice/AnimatingParts/GourdViceHome
e986a31c-c782-4d17-89b0-49ed6c3d0012	PegTileProp12	-85.73917	15.063999	-5.8313017	-0.057261586	-0.94198924	0.25240532	-0.2137031	
e07a3cf5-d161-483e-a223-6d2a31d9ae6e	PegTileProp0	499.24146	49.802486	-135.4034	0.44873434	-0.5471452	0.5429175	0.4522282	
92b54fba-6b48-4273-b3e2-0f318a0a5825	GourdProp	662.63696	21.903	-155.35	-0.50000006	0.5	0.5	0.50000006	LandmarksPlayerCountAny/TileThief/Positioner/Pegtile Stuff/GourdVice/AnimatingParts/GourdViceHome
df3592c1-14f4-4560-b300-9a0276bd5445	PegTileProp5	-84.74342	15.528	-5.59556	-0.057261586	-0.94198924	0.25240532	-0.2137031	
a804fda8-ecdf-4d8c-99c7-3862667f2ca7	GourdProp	-129.77129	12.747874	-434.45538	-0.21987815	0.7281683	-0.5896591	-0.2715269	LandmarksPlayerCount4/Contents/SecondGoodbye/Positioner/GourdVice/AnimatingParts/GourdViceHome
d814d4af-45d1-42ae-a366-9b52d039a241	PegTileRoundProp	-280.07877	66.27185	-326.30026	0.5881765	0.010751402	-0.06381173	-0.8061395	LandmarksPlayerCountAny/EggHunt/Positioner/Eggs/PegTileHook_Round_green/PegSlot/PegSlotHome
7aa71438-453b-4a55-9370-f3807e602271	PegTileProp6	2.0508037	3.688	70.689545	0.2583491	-0.058186486	0.015591025	0.9641717	
9d395772-cbb4-4543-864d-1271d28b5fdc	PegTileProp5	816.0196	14.428001	-436.21463	0.205335	-0.5880183	0.15755907	0.7663205	
110f31fa-983d-4ff1-be97-343acd70c736	PegTileProp8	-1.7783912	72.284	-257.13562	0.2565092	0.12876129	-0.03450149	0.9573052	
70501fef-7827-41cb-989e-7c8d8a44925f	foldingChair (4)	452.65286	7.118	-792.5272	-0	-0.9329658	-0	0.35996482	
ef7d6c42-bdf5-4dfe-bb26-79eadbd3105d	KettleProp (4)	-101.21689	14.62	-1.6221917	-0	0.24561241	-0	0.9693683	
79e09b95-3a26-4a4e-a494-af599948f1f5	GourdProp	5.4172497	111.00495	-374.36035	0.08670321	0.8998548	-0.37273204	0.20932007	LandmarksPlayerCountAny/Carousel/Positioner/Departing/GourdCatcher/GourdVice/AnimatingParts/GourdViceHome
4694d58c-6ccb-46ff-82a8-c5230d74c393	PegTileProp8	498.5107	48.767975	-136.86713	0.44873434	-0.5471452	0.5429175	0.4522282	
bb112e93-d220-4284-830a-6f8941d93c86	PegTileRoundProp	-257.27448	54.601704	-314.83307	-0.18185478	-0.7743563	-0.59271497	0.12645234	LandmarksPlayerCountAny/EggHunt/Positioner/Eggs/PegTileHook_Round_yellow/PegSlot/PegSlotHome
9b70befb-d3f4-4deb-ad32-939ec6a20005	GourdProp	-528.33594	21.102999	-377.67007	0.69958496	-0.10286549	0.10286558	0.69958454	LandmarksPlayerCountAny/SingerAndSelecter/Positioner/SelecterBuilding/GourdVice/AnimatingParts/GourdViceHome
317cdf97-8bfb-4cff-8f6b-5ecfd14b18b8	PegTileProp4	-2.2032688	72.748	-256.79422	0.2565092	0.12876129	-0.03450149	0.9573052	
5d259887-69f6-4526-bedc-1cd893959795	PegTileProp3	405.74396	47.11	-365.47113	-0.03679464	-0.95611537	0.2561904	-0.1373178	
e4dce483-ca49-4c24-b362-ec7304f6d4a1	GourdProp	510.4367	11.043	-677.2237	-0	-0.99898297	-0	0.04508987	LandmarksPlayerCount4/Contents/TrapRoom/positioner/GourdVice/AnimatingParts/GourdViceHome
026cc46a-0330-4b16-9cc6-4eeb8c828580	PegTileProp7	415.06354	46.124	-347.25674	-0.20717178	-0.57897687	0.15513608	-0.77317435	
5a72ab76-fa7f-4b87-b967-6cd6c1d5990c	GourdProp	820.09	16.19828	-427.8605	0.49387407	-0.47642165	0.37896284	0.6208849	LandmarksPlayerCountAny/SignalFlags/PositionerDresser/GourdVice/AnimatingParts/GourdViceHome
31242dd6-4644-48bc-a6d2-3d4a6fdd0850	PegTileProp Speaker (8)	709.5345	55.277	-846.0183	-0.2504546	-0.24378061	-0.065271735	0.93465686	
449801f8-ea3e-46f6-9db3-1fa308fa5bde	PegTileProp1	397.39642	47.11	-338.41025	-0.2561904	0.13731772	-0.03679467	-0.9561154	
98c2cd14-bbcf-4066-b58c-d7d23d2757f1	BuoyProp	707.47	72.471725	-788.22003	-0	-0	-0	1	LandmarksNonChallenge/SouthPeak/Positioner/buoypedestal_Full_Orange (1)/BouyPedistalPropHome
d6fa7784-4de4-432b-9f87-f814dd8cd8ec	PegTileProp Speaker (5)	-525.49005	19.366999	-382.22256	-0.3165236	0.5483366	0.23537372	0.7373868	
c6259d07-2499-4063-b033-b72cddd951c2	MegaphoneProp	-391.41205	87.079	-238.66698	-0.18784776	-0.6816988	0.6816988	-0.18784766	
aee838dc-281f-41fd-8f48-c97c10769172	GourdProp	-228.34903	21.113	-727.8434	-0	0.98815703	-0	0.15344667	LandmarksPlayerCount4/Contents/SmallSimPressChallenge/Positioner/GourdVice/AnimatingParts/GourdViceHome
9b374817-92e1-4336-b039-2cf089b3df31	PegTileProp3	597.3519	30.029999	-305.64014	0.21773636	0.5221964	-0.13992214	0.812603	
3fc2c7c2-2feb-4690-a145-8cec4c7a11e8	PegTileProp9	2.07689	3.2239993	70.47411	0.2583491	-0.058186486	0.015591025	0.9641717	
f85a273f-6a96-4671-92d3-2fad913cdf50	BuoyLight	125.74679	149.32663	-396.01224	-0	0.78709656	-0	0.6168299	LandmarksPlayerCount4/Contents/BreadcrumbLoop/BreadcrumbStation (0)/buoypedestal_Full_Red/BouyPedistalPropHome
2cb8963f-ac2f-4f2a-b720-11a701bc4b08	BuoyLight	-143.27	37.891262	-648.89	-0	-0	-0	1	LandmarksNonChallenge/LooseBuoyPedestals/Red Cone Hill/buoypedestalFull (3)/BouyPedistalPropHome
d8994482-95a1-47da-8ee4-d74985473cc0	PegTileProp34	861.6367	22.371	-851.4295	-0.25366494	0.19180828	-0.051394895	-0.9466902	
ac52bd4b-990f-4908-999d-5badeb8b6eda	TorchProp	-385.822	7.3209	-746.059	-0.15301512	0.66646874	0.14250754	0.7156097	
00d7ed74-a4d9-4969-b8e2-bf8d4975ac8a	WalkieTalkieProp	768.1119	14.651001	-160.65019	-0	0.38993734	-0	0.9208415	
88942e8e-6fae-4d71-93f0-8500741a82d1	BinocularsProp	-29.18528	111.95599	-398.98135	-0	0.7381552	-0	0.674631	
bfa6fe4c-03ad-49e5-9fbd-d5de687b1a05	PegTileProp9	188.64975	77.79713	-101.911575	0.23456982	-0.40821764	0.10938163	0.8754263	
97454e67-9a62-495b-9fa9-7b01adcb5e04	GourdProp	-176.17087	85.1973	-141.25842	0.006320983	0.7313436	-0.6819462	0.0067789704	LandmarksPlayerCount4/Contents/CenturionSong/CenturionConents/Positioner - signal room/GourdVice/AnimatingParts/GourdViceHome
42a56c32-b3ba-49b1-b0bf-e33da5506f7c	PegTileProp2	397.87622	47.11	-338.26953	-0.2561904	0.13731772	-0.03679467	-0.9561154	
d7b26da9-9dea-43dc-9f43-b2349914b45f	PegTileProp1	499.3638	49.802486	-136.04178	0.44873434	-0.5471452	0.5429175	0.4522282	
2d2684f6-dedd-4044-8088-6543a223b00a	PegTileProp Speaker (3)	-521.23584	19.392	-386.01657	-0.20272008	-0.7564671	-0.27495548	0.55772924	
f953260f-ab7f-4d12-a12a-7c263dacf1b0	PegTileRoundProp	-208.64001	57.355	-352.85	-0.7071068	-0	-0	0.7071068	LandmarksPlayerCountAny/EggHunt/Positioner/Eggs/PegTileHook_blue (2)/PegSlot/PegSlotHome
01de40ae-bdf0-42b2-9407-ccfa1a2be482	BuoyLight	149.80313	10.956811	-684.3287	-0	0.95485795	-0	-0.29706275	LandmarksPlayerCountAny/Fielding/Positioner/buoypedestal_Full_Red/BouyPedistalPropHome
8405503b-2ea3-4708-babe-e5cb47e75ba3	GourdProp	401.852	47.053	-352.04755	-0	-0.9436446	-0	0.33096063	LandmarksPlayerCount4/Contents/RingRoomChallenge/Positioner/GourdVice/AnimatingParts/GourdViceHome
7017169d-96f6-4578-8c1f-eb65f3549e32	BuoyLight	485.15283	69.87622	-301.86395	-0	-0	-0	1	LandmarksNonChallenge/LooseBuoyPedestals/Anywhere/New/buoypedestal_Full_Red (3)/BouyPedistalPropHome
fa1f1175-98b8-4f2c-bba0-9c2213eae7bc	BuoyProp	8.370244	6.06944	-771.06537	-0	-0.9972865	-0	-0.07361803	LandmarksPlayerCount4/Contents/Labyrinth/Positioner/buoypedestal_Full_Orange/BouyPedistalPropHome
97072c5d-8e99-4314-bd6f-f913330feae3	PegTileProp4	415.2718	46.588	-347.19568	-0.20717178	-0.57897687	0.15513608	-0.77317435	
c3aca5c3-e15c-4e76-8627-38884081e2ca	PegTileProp5	397.92548	46.588	-338.43747	-0.2561904	0.13731772	-0.03679467	-0.9561154	
0e8faaf2-b5fd-4906-aaab-788f8ccbf603	BuoyLight	552.61	16.515423	-598.06	-0	0.15506618	-0	0.98790413	LandmarksNonChallenge/LooseBuoyPedestals/Anywhere/buoypedestalFull (15)/BouyPedistalPropHome
a122260b-3b37-47e8-a2cb-3081a6b841cb	PegTileProp6	233.28737	71.758	-644.2042	-0.10434188	0.8839532	-0.23685461	-0.38940907	
185e3864-0dcb-498b-baee-6da1a4b21a8e	WalkieTalkieProp	-27.001598	62.249	-597.35583	-0	-0.9421601	-0	0.3351637	
7c788690-d373-4b31-9be9-31bbb3ec1f88	LaserProp (1)	-117.21504	49.532005	-506.23428	-0	0.072476596	1.4901161E-08	0.99737024	
2e37006f-8951-45ed-808b-7ad269f1589d	PegTileProp Speaker (5)	706.71204	55.277	-844.52966	-0.277056	0.65407777	0.28076315	0.6454415	
eed83af3-1958-4718-a634-5280bdc6b3cb	BinocularsProp	714.11224	137.50899	-585.32324	0.0037379784	-0.9936185	0.034619693	0.10728369	
cab11f83-28d5-4ac7-8abd-0e8afac12839	PegTileProp3	388.37885	47.11	-355.49396	-0.15513623	0.7731738	-0.20717168	-0.57897747	
730affd5-3139-473c-aaf2-4ecd5142c82f	BackpackProp	136.37158	67.2	-466.18402	0.08561197	-0.18666828	0.016331356	0.9785494	LandmarksNonChallenge/PackPavillions/CrevasseBackpackPavilion/BackpackPavilion/PackHanger/PackHanger home
c12b1be9-9ae5-4433-a2a4-dc353e4bb148	PegTileProp8	415.20425	46.124	-347.73654	-0.20717178	-0.57897687	0.15513608	-0.77317435	
9dccd52e-2573-4697-9c58-12c57c9efce8	PegTileProp Speaker (8)	-522.35065	19.367	-382.79407	-0.2376184	-0.3830567	-0.102593355	0.8867243	
226bdfbc-c2ad-4bda-b9ec-2d72c09f1502	BuoyLight	-184.11	11.283299	-680.85	-0	-0	-0	1	LandmarksNonChallenge/LooseBuoyPedestals/Intro/buoypedestalFull/BouyPedistalPropHome
b28ac861-6c5d-4702-8b11-ef38df1eac22	BuoyLight	697.961	74.29205	-776.90906	-0	-0	-0	1	LandmarksNonChallenge/SouthPeak/Positioner/buoypedestal_Full_Red (1)/BouyPedistalPropHome
bd41e81c-1f5f-4115-9b3a-939afd087fd4	PegTileProp11	859.2707	23.383	-851.9961	-0.25366494	0.19180828	-0.051394895	-0.9466902	
672cd949-1e5b-465a-a1cb-3860594f9e9f	FoldingMapProp	-120.33688	49.532005	-505.77814	-0.537289	0.08505602	0.07677896	0.8355782	
30bc3f4c-08fc-47ca-a95b-36df9efed8bf	GourdProp	705.36597	57.013	-839.33234	0.70709145	0.00469923	-0.0046991706	0.70709103	LandmarksPlayerCountAny/DancerAndSelecter/Positioner/SelecterBuilding/GourdVice/AnimatingParts/GourdViceHome
92af1cd0-e917-401e-af50-571c5ecf0e33	PegTileProp7	-2.2606196	72.284	-257.0035	0.2565092	0.12876129	-0.03450149	0.9573052	
6a673617-992d-49ca-87f9-223aef4c9fe4	BuoyProp	-118.84953	38.89423	-21.429611	-0	-0	-0	1	LandmarksNonChallenge/LooseBuoyPedestals/Anywhere/New/buoypedestal_Full_Orange (4)/BouyPedistalPropHome
5d10fec3-7a2d-4bfd-be0e-6196152d88f5	BuoyProp	25.818	75.151566	-536.757	-0	-0	-0	1	LandmarksNonChallenge/LooseBuoyPedestals/Anywhere/New/buoypedestal_Full_Orange (1)/BouyPedistalPropHome
b459af97-5a07-4024-8950-02f752c5292b	TorchProp	-229.38408	121.038994	-239.73512	0.16759312	0.28229448	-0.050157417	0.9432426	
d8e70c55-9800-498e-af4e-7054093950e4	FmRadioProp	-441.37598	5.7130494	-463.51868	-0	0.69850254	-0	-0.71560776	
6debc10d-8e02-40d5-a5be-bfc992b89a9a	BinocularsProp	-224.63972	136.011	-235.28667	-3.0387053E-09	0.47571892	5.330111E-09	0.8795974	
4dc5173e-909f-4747-a402-232c313dd79c	PegTileProp14	860.59717	23.383	-851.4356	-0.25366494	0.19180828	-0.051394895	-0.9466902	
a94b5cc8-7644-495e-8580-6c318380a5d1	PegTileProp Speaker (3)	709.62915	55.302002	-849.4269	-0.2421689	-0.6628717	-0.24093604	0.6662622	
16e1e4a2-aadf-43e1-a67b-f2513dd63303	BinocularsProp	461.81534	117.020996	-444.85828	-0	-0.64177024	-0	-0.766897	
b7800028-9ba8-402f-90ee-5f26884a7a95	PegTileProp15	861.0393	23.383	-851.2488	-0.25366494	0.19180828	-0.051394895	-0.9466902	
dda45672-d1fe-4758-8a7e-132d58db7708	BuoyProp	-26.43	106.70711	-433.80002	-0	-0	-0	1	LandmarksPlayerCountAny/KickUpPits/Positioner/buoypedestal_Full_Orange/BouyPedistalPropHome
b9ef7455-b952-4a0c-b0a6-752150ada553	GourdParcel	-25.862999	52.527	-449.891	-0	0.38268343	-0	0.92387956	
b234d29d-0850-4dae-b8da-4f43c44d032c	BuoyLight	-12.799999	107.781555	-456.89	-0	-0	-0	1	LandmarksPlayerCountAny/KickUpPits/Positioner/buoypedestal_Full_Red/BouyPedistalPropHome
51ed260a-e519-4ac7-a8bb-79356344ffa6	GourdProp	127.61489	149.97798	-393.37277	-0.028106056	0.9652968	-0.23174724	-0.11707014	LandmarksPlayerCount4/Contents/BreadcrumbLoop/BreadcrumbStation (0)/GourdPositioner/GourdVice/AnimatingParts/GourdViceHome
b25443e0-ec2d-4b55-b8e9-01ac48604ba5	TorchProp	454.4879	102.048996	-447.54803	-0.15864547	-0.4149164	0.07372137	-0.8928836	
e6cbc2a9-615e-4875-93f7-26a539c960d5	PegTileProp Speaker (4)	-523.186	19.578	-384.46524	-0.39272708	0.19154191	0.083996564	0.8955569	
bc22db01-a328-461b-bc01-0b47300b4128	BuoyLight	1.6047373	111.708	-388.1338	-0	0.97399575	-0	0.2265664	LandmarksPlayerCountAny/Carousel/Positioner/Departing/buoypedestalFull (1)/BouyPedistalPropHome
52fedcd9-caa6-4ec6-a285-f73e6ff40f50	SalonBrushProp (1)	-314.2565	2.8520017	-688.4532	0.29414442	-0.5844598	0.7172409	0.23969014	
839aa8de-1dc9-4ef6-b4b0-821fbb1d3b37	PegTileProp4	498.84467	49.263058	-136.14128	0.44873434	-0.5471452	0.5429175	0.4522282	
3e34b886-3697-4604-8065-e2e35ebacede	PegTileProp8	397.98654	46.124	-338.6457	-0.2561904	0.13731772	-0.03679467	-0.9561154	
764bc30d-9af7-459e-bc78-77103acdb168	PegTileProp4	397.4457	46.588	-338.5782	-0.2561904	0.13731772	-0.03679467	-0.9561154	
95ce220b-d56c-45ae-a879-65c45d6ad215	PegTileProp5	415.4125	46.588	-347.67548	-0.20717178	-0.57897687	0.15513608	-0.77317435	
864672fb-848e-460a-b0dd-a0cdcfddb236	PegTileProp9	-173.27777	12.323999	-683.5878	0.24534096	0.30764315	-0.08243276	0.9156246	
9057af3c-12c5-48d8-8251-07233a203861	HolsterProp	-114.04588	72.52	-397.2726	0.07450302	-0.9250413	0.24786408	0.27804908	LandmarksNonChallenge/PackPavillions/HighlandsBackpackPavillion/PackPavilion Holster/PackHanger/PackHanger home
d256bce9-2051-4e09-a550-6d44821751de	BlindfoldProp	601.8128	29.27	-310.89365	-0	-0.5703454	-0	0.82140505	
903d3924-ec05-456d-aa5d-33f6431bf558	GourdProp	298.42642	20.4218	-115.00076	-0	0.3640684	-0	-0.93137234	LandmarksPlayerCount4/Contents/CabinFever/Positioner/CabinFeverHouse/GourdVice/AnimatingParts/GourdViceHome
cb8326bc-26c2-4214-8dc4-3ebafe0b5603	LaserProp	-117.406006	49.532005	-506.20636	-0	0.072476596	1.4901161E-08	0.99737024	
06b9798e-fc47-4750-9639-9762c09618e3	PegTileProp6	765.6034	55.748	-809.33984	-0.25611928	0.1391529	-0.037285917	-0.95584995	
13956d25-97a1-4b5c-9992-00c187092476	BuoyProp	395.701	59.95669	-555.446	-0	-0	-0	1	LandmarksNonChallenge/LooseBuoyPedestals/Anywhere/buoypedestal_Full_Orange (5)/BouyPedistalPropHome
aef5ae8b-6b16-4dd2-859e-eaaa004cd9d5	FootyProp	-198.60532	36.039997	-502.3242	-0	0.74395406	-0	0.6682309	
1207f056-b89d-4280-9ebf-a848b95db57e	PegTileProp9	-747.3665	83.394	665.87006	0.13318996	0.8282105	-0.22191836	0.49707156	
2ea4e0ba-a407-4c07-893e-e60be6f5b9c2	PegTileRoundProp	-248.59001	55.843	-345.686	-0.29883623	-0.64085644	-0.64085644	0.29883623	LandmarksPlayerCountAny/EggHunt/Positioner/Eggs/PegTileHook_Round_red (2)/PegSlot/PegSlotHome
30d9262e-172d-49f8-8448-1df83f228f2d	SpareSignProp	496.66324	92.22799	-454.55182	0.044969797	-0.90943825	-0.10209079	-0.40059626	
723416d8-eff6-474e-ab5f-c3c398b1d799	GourdProp	128.28783	4.3729854	-731.2488	0.0028256471	-2.3841855E-07	0.005086316	0.9999831	LandmarksPlayerCountAny/CoordinatesHolding/PositionerStart/GourdBox/OpenableBox/BoxGourdHome
3a73627e-2c56-4227-8ace-cd9b1e0614a4	KettleProp (5)	-101.66472	14.62	-2.0481184	-0	0.5331425	-0	0.8460256	
e5c9afeb-e595-44b7-ba41-628129062dd3	PegTileProp Speaker (1)	-524.4655	19.027	-385.2456	-0.21534257	0.5748315	0.16013324	0.7730162	
d575e010-c63f-431d-92c0-1bc80ad8879d	PegTileProp1	-2.1570442	73.27	-256.62546	0.2565092	0.12876129	-0.03450149	0.9573052	
53ea5ed0-5534-4e3a-9500-5cf2f620c497	GourdProp	-90.90473	16.387	4.2074013	-0.37698868	-0.59823036	-0.59823036	0.37698868	LandmarksPlayerCountAny/ScoutBombs/Positioner/GourdVice/AnimatingParts/GourdViceHome
60412245-4b6c-47eb-a4e7-67eec146bf20	BuoyLight	154.87	15.506955	-588.5	-0	0.15506618	-0	0.98790413	LandmarksNonChallenge/LooseBuoyPedestals/Anywhere/buoypedestalFull (2)/BouyPedistalPropHome
cec1412b-4727-48c4-b6a1-5a5e7989af18	BuoyProp	-294.75	4.626027	-607.53	-0	-0	-0	1	LandmarksNonChallenge/LooseBuoyPedestals/Intro/buoypedestal_Full_Orange (2)/BouyPedistalPropHome
007a1599-17ad-426f-a68b-37718423e9f7	BuoyLight	-177.68	44.79714	-489.49	-0	-0	-0	1	LandmarksNonChallenge/LooseBuoyPedestals/Intro/buoypedestalFull (9)/BouyPedistalPropHome
0cb88fcc-6d33-4b08-9e5e-124a34f7f15b	BuoyProp	-221.66104	32.904	-523.2419	-0	0.35379577	-0	0.9353229	
cef7ae31-a105-491d-8d0d-daab0253909c	BuoyLight	-447.26	16.049541	-327.09	-0	0.15506618	-0	0.98790413	LandmarksNonChallenge/LooseBuoyPedestals/Anywhere/buoypedestalFull (12)/BouyPedistalPropHome
6364d493-5c48-4480-a02d-ae086ef06825	BinocularsProp	135.74748	116.840996	-207.33176	-3.0453663E-08	-0.9408183	-3.811681E-08	0.3389116	
cf899912-898f-4486-86ae-91ed78025a9d	TorchProp	117.98048	93.42	-265.1734	-0	0.2069552	-0	0.97835046	
7682f597-b856-477c-8111-fc553b4241b5	PegTileProp13	860.15497	23.383	-851.62244	-0.25366494	0.19180828	-0.051394895	-0.9466902	
811ab877-4702-4ab1-8972-6b2cf55e8407	PegTileProp6	860.95483	23.9	-851.0489	-0.25366494	0.19180828	-0.051394895	-0.9466902	
381abbdb-da55-4243-a5df-692acd3fb2c0	TorchProp	139.1103	101.868996	-201.66347	0.024529193	-0.97485274	0.17320953	0.13805446	
a4b64c23-b583-4efc-af9a-feecb8485e18	BuoyLight	413.33762	21.203495	-890.7728	-0	-0.60876137	-0	0.7933534	LandmarksPlayerCount4/Contents/BreadcrumbLoop/BreadcrumbStation (2)/buoypedestal_Full_Red/BouyPedistalPropHome
3e6daaad-379a-4332-8e17-c65aaf1f3fc0	PegTileProp26	861.9956	22.88	-851.04553	-0.25366494	0.19180828	-0.051394895	-0.9466902	
7e2f3ba8-2124-4fe9-8707-1621be5a0926	MegaphoneProp	516.9741	71.433	-314.9157	-0.1538066	-0.6901765	0.6901765	-0.15380669	
fa653354-bdfa-431d-aa19-7453e5730e80	BuoyLight	-165.33	49.5033	-470.01	-0	0.15506618	-0	0.98790413	LandmarksNonChallenge/LooseBuoyPedestals/Anywhere/buoypedestalFull (16)/BouyPedistalPropHome
ed9b1224-ffb2-4f38-b8ff-201d1124d937	PegTileProp2	-1.674814	73.27	-256.75757	0.2565092	0.12876129	-0.03450149	0.9573052	
4b518bfd-4f9d-4e3c-bf19-147dd5a6afaa	PegTileRoundProp	-232.77634	36.729927	-387.31616	0.63429445	-0.37033957	-0.48643315	-0.4731829	LandmarksPlayerCountAny/EggHunt/Positioner/Eggs/PegTileHook_Round_yellow (3)/PegSlot/PegSlotHome
c420401c-ba23-4e0c-aeac-2ea3ebcafa26	XrayGogglesProp	714.841	137.07	-586.558	0.1680711	-0.17430839	-0.650438	0.71993	
63d54442-149e-4aab-822e-63af72c1630a	SignProp right	-189.56044	34.336	-525.5644	4.3535134E-10	0.93490994	-1.6525643E-10	-0.35488552	LandmarksNonChallenge/SpawnCourtyardandHubPlatform/Positioner/Hub/NoticeBoardWhiteboards/WallHook (2)/WallHookHome
c33a346d-9ebf-47f0-980b-a4793e5fe61d	PegTileRoundProp	-260.87564	53.02684	-355.61807	-0.790837	-0.027826121	0.07385026	0.60691744	LandmarksPlayerCountAny/EggHunt/Positioner/Eggs/PegTileHook_Round_green/PegSlot/PegSlotHome
11908318-d591-47df-a86c-7e6bf29a526c	PegTileRoundProp	-259.44873	54.71566	-321.35312	0.72170764	-0.2418896	-0.21429296	-0.6121324	LandmarksPlayerCountAny/EggHunt/Positioner/Eggs/PegTileHook_Round_yellow (6)/PegSlot/PegSlotHome
309e7e2a-6fa9-444d-ac7c-2823eb7dfe45	PegTileProp25	861.55347	22.88	-851.23236	-0.25366494	0.19180828	-0.051394895	-0.9466902	
2808bcb9-e9a0-4d86-b830-34f9b9d871f6	foldingChair (3)	453.34076	7.06	-796.43286	-0	-0.8157547	-0	0.57839787	
face4ac8-c8ec-4f7f-8b52-5a51d3f252d5	BuoyProp	-184.47697	83.01199	-130.7565	-0	-0.0092687905	-0	0.999957	LandmarksPlayerCount4/Contents/CenturionSong/CenturionConents/Positioner - signal room/buoypedestal_Full_Orange/BouyPedistalPropHome
f705a4d5-9714-407e-835a-9ba9154abe63	PegTileProp5	-1.7210386	72.748	-256.92633	0.2565092	0.12876129	-0.03450149	0.9573052	
eaec4496-6696-4f25-b26c-c8862c79b4fe	PegTileProp Speaker (1)	706.7806	54.937	-847.7208	-0.18849134	0.6856819	0.19101332	0.6766282	
c631146a-83ba-4597-bd7e-6b7a4eccd35c	PegTileProp6	3.9606705	110.988	-376.38812	0.1367891	-0.8199992	0.21971819	0.5105037	
d01e8c08-bc89-4ec2-b0e8-defe1ea40fee	PegTileProp0	513.565	12.41	-683.6999	-0	0.045089602	-0	0.99898297	LandmarksPlayerCount4/Contents/TrapRoom/positioner/PegTileCase/Slots/PegSlot/PegSlotHome
ce140f55-d708-4a6b-b4f4-6a6ac2a4deee	PegTileProp1	415.4397	47.11	-347.14642	-0.20717178	-0.57897687	0.15513608	-0.77317435	
56a7313e-9e55-485b-ac52-fcc6f8030133	WalkieTalkieProp	-88.42138	51.657	-75.95486	-0	-0.6961036	-0	0.71794164	
44bba8d0-aa6b-4132-ab9e-24b4b6eac497	BlindfoldProp	83.643394	21.03	-31.232254	-0	0.8774328	-0	-0.47969973	
8e1e5f12-8915-4962-a658-b1f5095c4ab5	PegTileProp Speaker (4)	708.23553	55.488	-847.36115	-0.37538975	0.3254804	0.1427324	0.8560216	
942347f0-cd23-445f-8019-d296e5c92ead	BuoyLight	-164.9	33.977566	-557.3	-0	-0	-0	1	LandmarksNonChallenge/LooseBuoyPedestals/Intro/buoypedestalFull (6)/BouyPedistalPropHome
bfd723fd-83a5-4942-8eb4-6e3586ec60eb	GourdProp	-249.73517	58.212997	-346.62558	-0.30380857	0.6385143	-0.6385143	-0.3038084	LandmarksPlayerCountAny/EggHunt/Positioner/Building/GourdVice/AnimatingParts/GourdViceHome
377b53b4-bdc0-4a02-9208-fa8f6bc023ef	PegTileProp7	397.50677	46.124	-338.7864	-0.2561904	0.13731772	-0.03679467	-0.9561154	
c02dde13-6886-411c-9b8c-b558473b1316	PegTileProp6	-737.13104	33.858	709.70776	0.22191846	-0.49707094	0.13318978	0.82821083	
1831bcbf-fdbc-442b-a4bb-52270e0a24f9	GourdProp	-40.849453	14.41101	17.114876	-6.9901E-05	0.15321657	0.0026318925	-0.9881892	LandmarksPlayerCountAny/CoordinatesSimPress/SwitchAPositioner/BoxPositioner/SimSwitchOpenableBox/OpenableBox/BoxGourdHome
db6fc3f6-366c-4cf9-81f1-9c45cbdceef4	BuoyLight	531.49445	70.15411	-826.5162	-0	-0	-0	1	LandmarksNonChallenge/LooseBuoyPedestals/Anywhere/New/buoypedestal_Full_Red (2)/BouyPedistalPropHome
ce2a7a54-ed80-4e1a-98ed-822d3719defb	PegTileProp6	513.565	11.41	-683.6999	-0	0.045089602	-0	0.99898297	LandmarksPlayerCount4/Contents/TrapRoom/positioner/PegTileCase/Slots/PegSlot (6)/PegSlotHome
d467b790-8968-46b1-9be9-e36eac9ebe52	BuoyLight	-139.155	31.543194	-672.134	-0	-0	-0	1	LandmarksNonChallenge/LooseBuoyPedestals/Red Cone Hill/buoypedestalFull (2)/BouyPedistalPropHome
18c9fe41-46ff-43a4-bb21-5b9687d31c2f	BuoyProp	86.912544	19.912273	-40.017376	-0	-0.28123975	-0	0.9596376	LandmarksPlayerCountAny/BlindfoldCatwalk/Positioner/buoypedestal_Full_Orange/BouyPedistalPropHome
d73ec09b-8e2b-432e-8e62-b5ff71db2d23	HolsterProp	63.27478	58.91	-390.07303	0.11362225	-0.8678707	0.23254526	0.424044	LandmarksNonChallenge/PackPavillions/UndergroundBackpackPavilion/PackPavilion Holster/PackHanger/PackHanger home
4274d393-5d48-4e94-ab9d-a865e0155827	BuoyProp	490.08624	38.85394	-548.10803	-0	-0	-0	1	LandmarksPlayerCountAny/MemoryBombs/Positioner/buoypedestal_Full_Orange (1)/BouyPedistalPropHome
7dba3ab6-54c3-4cf4-812f-a108d1d6c858	GourdProp	496.68033	49.418	-144.15602	-0	0.09455046	-0	-0.99552006	LandmarksPlayerCountAny/InvisibleInkChallenge/Positioner/GourdVice/AnimatingParts/GourdViceHome
9a83f184-a32e-42ef-877f-120ae22df979	PegTileRoundProp	-249.25002	58.189	-346.196	0.6382245	0.30441722	-0.30441746	0.6382239	LandmarksPlayerCountAny/EggHunt/Positioner/Eggs/PegTileHook_Round_red/PegSlot/PegSlotHome
e46ee533-5a1d-4224-a71f-4a1f575a00c3	PegTileProp5	498.96704	49.263058	-136.77966	0.44873434	-0.5471452	0.5429175	0.4522282	
4ec6aca0-9961-4550-9c26-7cacb9917566	BuoyLight	-280.543	1.8923159	-626.487	-0	-0	-0	1	LandmarksNonChallenge/LooseBuoyPedestals/Intro/buoypedestalFull (4)/BouyPedistalPropHome
56ea903d-5d82-4634-a487-69b478cd2033	PegTileProp3	815.98	14.950001	-435.6864	0.205335	-0.5880183	0.15755907	0.7663205	
21296bf5-0ec5-4d50-8287-68705b6ec6e8	PegTileProp3	-85.11896	16.05	-5.9691725	-0.057261586	-0.94198924	0.25240532	-0.2137031	
f29614f5-0c70-4ed8-b152-9e57b371f20d	WalkieTalkieProp	3.0815976	30.529	-560.42413	-0	0.3351637	-0	0.9421601	
d0f4305f-b577-41f7-a879-18be53553509	BuoyLight	-223.30719	119.19624	-227.92352	-0	0.28671578	-0	0.9580157	LandmarksNonChallenge/Lookouts/Lookout_YellowZigzag/buoypedestalFull (2)/BouyPedistalPropHome
21ab205e-db90-452b-b620-8f64ebcabd63	FmRadioProp	29.493011	88.228	-360.65	-0	0.57357615	-0	0.81915236	
fd027771-66a3-4240-baee-611bea2e824b	PegTileProp2	415.5804	47.11	-347.62622	-0.20717178	-0.57897687	0.15513608	-0.77317435	
ac6443dc-9530-4f97-80d8-29625e0ad698	Pomodoro	143.50154	10.756592	-680.36115	-0.0335712	0.38999128	0.078921266	-0.91681576	Fielding/Positioner/BasicCannon/PomodoroDispenser/PomodoroDispenserAnimator/AutomaticPitcher/pitcher_stand/pitch_height_adjuster/pitcher_pivot/pitcher_cannon/pitcher_coil/PomodoroDispenserHomePitcher
87dbbb84-5c58-43a4-96ba-e43c1c7308b9	FmRadioProp	202.10408	29.515663	-539.93964	-0	-0.9832486	-0	-0.1822699	
4df70c57-8d1b-447e-bad5-5aa66c1169f4	BuoyProp	-167.32635	33.977566	-542.7284	-0	-0.872953	-0	-0.4878044	LandmarksNonChallenge/SpawnCourtyardandHubPlatform/Positioner/buoypedestal_Full_Orange/BouyPedistalPropHome
76601ed6-da1c-4326-9c8d-2c6168d31f36	BackpackProp	-46.508053	42.02	-690.72064	0.083359	0.2908269	-0.025444053	0.95279783	LandmarksNonChallenge/PackPavillions/RedConeBackpackPavilion/BackpackPavilion/PackHanger/PackHanger home
122f8be4-c9ad-4bfc-abd7-0f1489b68e0f	PegTileProp8	1.5805287	3.224	70.413994	0.2583491	-0.058186486	0.015591025	0.9641717	
dc7e592d-004f-4adc-a4c1-74d01b3cac36	PegTileRoundProp	-217.33601	57.385998	-328.52402	-0.6758909	-0.20777753	-0.20777749	0.6758909	LandmarksPlayerCountAny/EggHunt/Positioner/Eggs/PegTileHook_blue/PegSlot/PegSlotHome
578d4ac2-967c-424f-80b3-4a6150b79cdc	PegTileProp4	1.0580726	3.6880007	70.569305	0.2583491	-0.058186486	0.015591025	0.9641717	
dab5cfc8-f4d9-44f2-abb0-90bc42b3cade	BuoyLight	88.80059	151.43965	-384.15262	-0	-0	-0	1	LandmarksNonChallenge/Diffuser_Peak/Positioner/buoypedestal_Full_Red (1)/BouyPedistalPropHome
04562560-93ab-4f5e-a700-763303bfe95a	PegTileProp1	-173.83818	13.31	-682.6715	0.24534096	0.30764315	-0.08243276	0.9156246	
a552b903-066f-45a8-8550-4cbf5652de74	BuoyLight	209.428	40.343204	-81.492	-0	-0	-0	1	LandmarksNonChallenge/LooseBuoyPedestals/Anywhere/New/buoypedestal_Full_Red (1)/BouyPedistalPropHome
3016c28d-21d9-40fd-9875-2d3470c19efe	PegTileProp1	-746.55023	84.380005	666.5682	0.13318996	0.8282105	-0.22191836	0.49707156	
f7f2e9ed-14fd-4a54-a918-fc06b444a39e	BuoyProp	-237.63	16.834087	-668.61	-0	-0	-0	1	LandmarksNonChallenge/LooseBuoyPedestals/Intro/buoypedestal_Full_Orange (1)/BouyPedistalPropHome
c84be1b3-ad24-4845-945a-5a3aa9900226	PermoSignProp	128.29	5.66	-732.155	-0	-0	-0	1	LandmarksPlayerCountAny/CoordinatesHolding/PositionerStart/WallhookWithPermoSign/WallHook/WallHookHome
2061b176-7612-483d-a588-df15841b42b1	PegTileProp9	-1.2961744	72.284	-257.26773	0.2565092	0.12876129	-0.03450149	0.9573052	
92b8e9be-f548-499a-8c2f-c92212df7e6a	KettleProp (2)	-101.371635	14.62	-0.4568503	-0	-0.3710757	-0	0.9286027	
5cd38107-3b8e-42de-b08a-f60a8083265a	BuoyProp	506.91443	38.93041	-541.5732	-0	-0	-0	1	LandmarksPlayerCountAny/MemoryBombs/Positioner/buoypedestal_Full_Orange/BouyPedistalPropHome
1b047167-6e68-49c3-abf2-e15fbbeca0a5	BuoyLight	-85.88702	78.3913	-631.2888	-0	-0	-0	1.0000001	LandmarksNonChallenge/Lookouts/Lookout_RedCone/buoypedestal_Full_Red (1)/BouyPedistalPropHome
98c7f187-1149-4b00-9a34-94ab58a42edf	PegTileProp2	-173.43962	13.31	-682.97345	0.24534096	0.30764315	-0.08243276	0.9156246	
e94ea998-7014-4cd9-acfa-02abd795ca02	foldingChair (2)	454.00848	6.96	-800.12646	-0	-0.71736073	-0	0.6967019	
fe28f38f-3766-4c39-8972-84cc6ec887a8	PegTileRoundProp	-251.90508	55.579	-355.61588	-0	0.9998511	-0	0.017260358	LandmarksPlayerCountAny/EggHunt/Positioner/Eggs/PegTileHook_Round_red (5)/PegSlot/PegSlotHome
074fd1bb-c32a-444d-80bb-708b6fb186cb	PegTileProp4	187.84073	78.26113	-102.5381	0.23456982	-0.40821764	0.10938163	0.8754263	
7941ca89-3988-4ce7-970f-780bcf55eafd	PegTileProp8	188.32835	77.79713	-102.294586	0.23456982	-0.40821764	0.10938163	0.8754263	
42579674-7e60-4a4e-8dfd-36e0432f29cb	PegTileProp Speaker (7)	709.57806	55.717	-848.3051	-0.2098495	-0.43167204	-0.07200476	0.87432146	
8b541e00-e6a6-4552-b4a2-aff8b850b4a4	PegTileProp6	597.19275	29.508	-305.71283	0.21773636	0.5221964	-0.13992214	0.812603	
545c1691-9463-46ed-bb76-fb964b916fcf	BuoyLight	-1.5213654	5.7615213	-772.53375	-0	-0.9972865	-0	-0.07361803	LandmarksPlayerCount4/Contents/Labyrinth/Positioner/buoypedestal_Full_Red/BouyPedistalPropHome
52b0dfcb-4588-4ce7-a78c-bdb9cb800fe6	BuoyLight	95.66	186.70076	-343.15	-0	-0.99848783	-0	0.05497493	LandmarksNonChallenge/PeakMarker/Positioner/buoypedestalFull (1)/BouyPedistalPropHome
9fdb8dc7-ef12-44c2-9e39-59d7fe5bf152	PegTileProp2	512.5691	12.41	-683.6098	-0	0.045089602	-0	0.99898297	LandmarksPlayerCount4/Contents/TrapRoom/positioner/PegTileCase/Slots/PegSlot (2)/PegSlotHome
b46c590f-7038-4033-b84d-e3fb664e095c	BuoyLight	301.95	82.89574	-440.45	-0	0.15506618	-0	0.98790413	LandmarksNonChallenge/LooseBuoyPedestals/Anywhere/buoypedestalFull (3)/BouyPedistalPropHome
836cf21c-3e4a-43a3-8d4a-ec16aca9c581	PegTileProp18	862.3657	23.383	-850.6883	-0.25366494	0.19180828	-0.051394895	-0.9466902	
80381b52-ede7-494f-b800-0c77a71f57e0	FlareGunProp	190.93864	99.56548	-425.13126	0.5691036	-0.54650223	-0.37966734	0.48302105	
4ee18fc7-2a43-44e0-9a2b-4508e9d2705d	BuoyLight	-456.78	16.735287	-317.34	-0	0.15506618	-0	0.98790413	LandmarksNonChallenge/LooseBuoyPedestals/Anywhere/buoypedestalFull (11)/BouyPedistalPropHome
46726269-b519-491b-80d4-0b0991d01e9c	PegTileProp6	405.6947	46.588	-365.30322	-0.03679464	-0.95611537	0.2561904	-0.1373178	
abbcb967-6c81-4cae-b246-c809f364fbe0	PegTileProp2	-746.7854	84.380005	666.1269	0.13318996	0.8282105	-0.22191836	0.49707156	
ec5eb00d-df5c-4e03-81ee-f243448c293d	PegTileProp10	-85.57001	16.05	-6.1849318	-0.057261586	-0.94198924	0.25240532	-0.2137031	
1ff0231c-4933-4bec-b878-4e6f1fe88856	BuoyProp	-205.50342	111.42699	-225.89456	-0	-0	-0	1	LandmarksNonChallenge/Lookouts/Lookout_YellowZigzag/buoypedestal_Full_Orange/BouyPedistalPropHome
c7aa5a25-c784-455d-aadd-ad3b89a6b208	PegTileProp5	-746.9399	83.858	666.2092	0.13318996	0.8282105	-0.22191836	0.49707156	
044daaf7-fb90-4f73-a9bb-00b8a3df9c60	XrayGogglesProp	-290.30362	1.5949999	-654.3902	-0.6309987	0.6309989	-0.3191247	0.31912497	
52bfc033-26e5-472f-813a-6ada42040daa	Pomodoro	334.8362	27.07567	-218.26926	-0	0.826373	-0	0.56312305	LandmarksPlayerCount4/Contents/Obby/Positioner/ObbyBuilding/5/PomodoroDispenser/PomodoroDispenserAnimator/PomodoroDispenserHomeDispenser
d0a1c556-d62f-42df-a36e-019636da7679	BuoyLight	111.8	2.8521926	-673.9	-0	0.15506618	-0	0.98790413	LandmarksNonChallenge/LooseBuoyPedestals/Anywhere/buoypedestalFull (1)/BouyPedistalPropHome
d9f93a0a-19e3-4702-b5be-7b79e39d32c8	BuoyRedProp	-220.89587	32.592	-523.4812	-0	0.35379577	-0	0.9353229	
87f8057f-d2ad-48ee-b894-dae653fe599f	PegTileProp9	415.34497	46.124	-348.2163	-0.20717178	-0.57897687	0.15513608	-0.77317435	
bc120fd6-6113-4b9c-9305-d38b7ccc6611	PegTileProp5	-173.54527	12.788001	-683.1129	0.24534096	0.30764315	-0.08243276	0.9156246	
aef9569d-b28d-440d-a0c6-70bc47a5d177	PegTileProp7	1.084158	3.224	70.35387	0.2583491	-0.058186486	0.015591025	0.9641717	
78c2bd04-9f92-41c9-b605-6f079df4cc30	GourdProp	-287.01126	10.544001	-599.76276	-0.96397483	-0	-0.2659934	0	LandmarksPlayerCount4/Contents/TallButtonChallenge/Positioner/PlayerCountAdjustment/GourdVice/AnimatingParts/GourdViceHome
36332988-68d9-4e33-9cbb-dacd156dea83	GourdProp	61.75756	20.547	-0.8054466	-0.6785663	-0.19886655	-0.19886655	0.6785663	LandmarksPlayerCountAny/BlindfoldCatwalk/Positioner/GourdVice/AnimatingParts/GourdViceHome
d11faf7b-02a6-4112-90c3-41acbb31c588	Pomodoro	5.5090933	6.71767	-758.4786	-0	0.99904144	-0	0.04377444	LandmarksPlayerCount4/Contents/Labyrinth/Positioner/PomodoroDispenser/PomodoroDispenserAnimator/PomodoroDispenserHomeDispenser
a047e86e-61dd-4787-aac9-e5aa4c95f804	BigKeyProp	139.91374	116.53	-200.08655	-0.73842865	0.30586702	-0.55522674	0.22998232	LandmarksNonChallenge/Lookouts/Lookout_BlueTube/RoofStuff/BigKeyInStone/KeyStoneAnimator/KeyStoneHome
1cdcd9a1-0343-4234-b1d9-7be646dec4ae	BuoyProp	128.66824	99.74776	-217.99425	-0	-0	-0	1.0000001	LandmarksNonChallenge/Lookouts/Lookout_BlueTube/buoypedestal_Full_Orange/BouyPedistalPropHome
082955b2-12b1-403b-9222-29174b72b3b1	Pomodoro	755.04346	26.21567	-953.81635	-0	0.24608311	-0	-0.9692488	LandmarksPlayerCount4/Contents/SpeedObby/Positioner/ObbyBuilding/5/PomodoroDispenser/PomodoroDispenserAnimator/PomodoroDispenserHomeDispenser
0f131f71-b907-4b3a-8691-d301984810cf	BuoyLight	107.99734	44.50871	-503.70517	-0	0.599806	-0	0.80014545	LandmarksPlayerCountAny/CannonBallCarry/buoypedestal_Full_Red/BouyPedistalPropHome
d189ca28-cf41-40a0-bae3-1ceb09c2cfc2	PegTileRoundProp	-228.01227	55.71785	-359.7052	-0.5533443	0.24824032	0.18308221	0.77373624	LandmarksPlayerCountAny/EggHunt/Positioner/Eggs/PegTileHook_Round_yellow (2)/PegSlot/PegSlotHome
a08daa18-2fef-4a49-a062-2baafdf48686	ClockProp	-166.0857	54.599003	-440.5565	-0	-0.34851852	-0	0.93730193	TrainSystem/TrainStop - Upper Hub/WallHook/WallHookHome
16990dcc-ebb8-453e-88fc-6478e3980728	BuoyLight	251.9	120.177704	-400.15	-0	0.15506618	-0	0.98790413	LandmarksNonChallenge/LooseBuoyPedestals/Anywhere/buoypedestalFull (4)/BouyPedistalPropHome
982f4dbf-22bb-4553-aa9c-dd6588c19fda	BuoyProp	235.371	81.31726	-668.221	-0	-0	-0	1	LandmarksNonChallenge/LooseBuoyPedestals/Anywhere/New/buoypedestal_Full_Orange (2)/BouyPedistalPropHome
d2b218b4-279c-4e3e-9751-53a8cbfade87	BuoyLight	442.675	7.3391047	-790.827	-0	-0	-0	1	LandmarksNonChallenge/LooseBuoyPedestals/buoypedestal_Full_Red/BouyPedistalPropHome
2141d27e-647c-401f-9a0c-a3c1aa029434	BuoyProp (1)	-221.41356	32.592	-523.90594	-0	0.35379577	-0	0.9353229	
53a9dbfc-8f28-4f29-8f7a-ce40fe53beaa	SignProp left	-191.65512	34.335995	-523.70636	4.3535134E-10	0.93490994	-1.6525643E-10	-0.35488552	LandmarksNonChallenge/SpawnCourtyardandHubPlatform/Positioner/Hub/NoticeBoardWhiteboards/WallHook/WallHookHome
632fc258-f424-4b88-930a-a62c45044965	BuoyProp	534.2	8.689282	-745	-0	-0	-0	1	LandmarksNonChallenge/LooseBuoyPedestals/Anywhere/buoypedestal_Full_Orange (6)/BouyPedistalPropHome
67b16620-bb35-4254-89bd-9a27cc7c872c	GourdProp	-25.827644	52.477	-449.85562	-0.35355338	0.35355338	0.1464466	0.8535535	LandmarksPlayerCountAny/KickUpPits/Positioner/Outer/level0/GourdParcelFull/GourdParcel/Kernal/GourdHome
40b79fde-cd29-46eb-8414-b1ca80a9fe4d	PegTileProp7	188.00696	77.79713	-102.677605	0.23456982	-0.40821764	0.10938163	0.8754263	
ddd430ae-ed26-4557-8d1e-97576bb88954	PegTileProp3	233.15825	72.28	-644.3223	-0.10434188	0.8839532	-0.23685461	-0.38940907	
8fbe1de2-1ea0-4da4-8ef5-282f5d19b492	LaserProp	-90.14833	101.480995	-616.79535	-0	-0.9899635	-0	0.14132354	
24623d75-244e-4da7-ac4e-6b481fa8b9ec	PegTileProp6	388.54675	46.588	-355.4447	-0.15513623	0.7731738	-0.20717168	-0.57897747	
2d8101c4-223f-4939-8df6-809562469516	BackpackProp	-301.64407	38.37	-493.99725	-0.01614465	-0.9789541	0.085647374	-0.18453422	LandmarksNonChallenge/PackPavillions/MonkeyCreekBackpackPavillion/BackpackPavilion/PackHanger/PackHanger home
d2f43cc9-d147-4a9e-b7a9-4f007c942a09	PegTileProp Speaker (7)	-521.62177	19.807	-384.962	-0.19646169	-0.55958986	-0.103074275	0.79852235	
001b483b-de83-4880-9b7c-994b672175bc	BuoyLight	90.545975	14.811124	-823.8513	-0	-0.0069813156	-0	0.9999757	LandmarksPlayerCount4/Contents/BreadcrumbLoop/BreadcrumbStation (3)/buoypedestal_Full_Red/BouyPedistalPropHome
cee0452e-f813-46b2-adbc-b2580379555c	PegTileProp4	-746.70465	83.858	666.65045	0.13318996	0.8282105	-0.22191836	0.49707156	
fd061e85-9d14-449f-913e-13ff4f242fbe	PegTileRoundProp	-240.27591	55.740997	-348.01352	-0	0.93543583	-0	0.3534965	LandmarksPlayerCountAny/EggHunt/Positioner/Eggs/PegTileHook_Round_red (3)/PegSlot/PegSlotHome
80f41980-0e3c-468e-8877-097473ee5f48	PegTileProp Speaker	-522.873	19.212	-386.52432	-0.41618282	-0.02510637	-0.011496633	0.90886176	
94ddeb98-8826-4271-987f-aa3cb65fc4e6	PegTileProp36	862.52106	22.371	-851.0558	-0.25366494	0.19180828	-0.051394895	-0.9466902	
f400ec68-4dc0-451b-a3d0-b98627e9c620	PegTileProp12	859.7128	23.383	-851.80927	-0.25366494	0.19180828	-0.051394895	-0.9466902	
ab7edc0a-082f-4e7c-9f5a-36dac37916d3	BuoyLight	-6.467168	6.19254	-773.26794	-0	-0.9972865	-0	-0.07361803	LandmarksPlayerCount4/Contents/Labyrinth/Positioner/buoypedestal_Full_Red (1)/BouyPedistalPropHome
90dc6ef0-92e4-4637-821c-307a9fc97a64	PegTileProp8	-747.13135	83.394	666.3113	0.13318996	0.8282105	-0.22191836	0.49707156	
cf225bb5-9828-46ac-af66-6d2ca8d5cece	BigKeyProp	452.94415	116.71	-448.41342	0.3171376	-0.13136262	-0.86774266	0.35943058	LandmarksNonChallenge/Lookouts/Lookout_GreenHourglass/RoofStuff/BigKeyInStone/KeyStoneAnimator/KeyStoneHome
a8f45e5e-3d6b-433a-b5b8-0431ae84a92a	PegTileProp8	-173.67632	12.324	-683.2859	0.24534096	0.30764315	-0.08243276	0.9156246	
9ae5d4b5-4590-4207-82f2-4d1ae9aa5eb6	BigKeyProp	-230.61794	135.7	-241.00389	-0.43854788	0.18165235	0.8131602	-0.33682173	LandmarksNonChallenge/Lookouts/Lookout_YellowZigzag/RoofStuff/BigKeyInStone/KeyStoneAnimator/KeyStoneHome
3191264d-2b5a-47a0-8054-fa16544d54ce	BuoyLight	495.952	38.821148	-549.67737	-0	0.12788798	-0	0.9917886	LandmarksPlayerCountAny/MemoryBombs/Positioner/buoypedestal_Full_Red/BouyPedistalPropHome
80e38f3e-d054-4187-9675-66d6e70c8356	BuoyProp	-194.56	69.94713	-406.91	-0	0.15506618	-0	0.98790413	LandmarksNonChallenge/LooseBuoyPedestals/Anywhere/buoypedestal_Full_Orange (8)/BouyPedistalPropHome
f3485cd1-5114-41a6-bcac-e4af2501daed	PegTileRoundProp	-239.48001	57.379997	-393.6	-0.41208872	0.5746154	0.57461536	0.41208875	LandmarksPlayerCountAny/EggHunt/Positioner/Eggs/PegTileHook_blue (4)/PegSlot/PegSlotHome
34ea1a2f-8dd1-4ac4-be39-80126a390464	GourdProp	597.43396	31.985	-90.81342	0.4619206	4.229171E-07	-0.8869213	2.2026055E-07	LandmarksPlayerCount4/Contents/MediumSimPressChallenge/Positioner/GourdTower/GourdVice/AnimatingParts/GourdViceHome
30aa04f2-149c-4328-a9c0-7bcbd08afa5c	PegTileProp2	188.02806	78.78313	-102.04261	0.23456982	-0.40821764	0.10938163	0.8754263	
0261de45-423c-4dc2-a188-2757424beeca	PegTileProp1	1.0370159	4.21	70.74302	0.2583491	-0.058186486	0.015591025	0.9641717	
009cd4a1-4587-4c52-8516-d127b2c67e09	PegTileProp4	-173.94383	12.788001	-682.81104	0.24534096	0.30764315	-0.08243276	0.9156246	
e2536d7e-f27a-4626-abbb-0942a3d7c41a	PegTileProp3	859.62836	23.9	-851.6094	-0.25366494	0.19180828	-0.051394895	-0.9466902	
041545cc-5517-4816-9680-1adadf8cba25	PegTileProp9	398.46634	46.124	-338.505	-0.2561904	0.13731772	-0.03679467	-0.9561154	
4c017614-2f1d-4360-aa21-f3492d11a9ce	PegTileProp3	765.55347	56.27	-809.1721	-0.25611928	0.1391529	-0.037285917	-0.95584995	
ed2f8967-b4c1-43d9-91b5-11679be10bc6	BinocularsProp	93.417	179.754	-332.122	-0.0010762992	0.53289735	0.0039012618	-0.8461702	
7a564aa0-b04a-4da5-82d8-b6b460f7e5d5	PegTileProp Speaker (6)	707.5674	54.943	-847.74133	-0.18066454	-0.73393023	-0.2143161	0.61868864	
6704d616-7066-4f1d-925b-c4e191b3e359	PegTileProp7	498.38834	48.767975	-136.22874	0.44873434	-0.5471452	0.5429175	0.4522282	
2835fac9-81b1-4312-a576-cc977e6e8c85	FmRadioProp	764.2112	117.859	-604.99524	-0	0.042654872	-0	-0.9990899	
83fec4a0-b949-4b72-bd3d-c4b9e47deaf9	PegTileRoundProp	-254.07898	54.876873	-322.67508	0.39134362	-0.52877015	-0.59735924	-0.45870927	LandmarksPlayerCountAny/EggHunt/Positioner/Eggs/PegTileHook_Round_yellow (4)/PegSlot/PegSlotHome
4cd9c5fc-7414-4bfc-b4a2-6fb4fa0312c5	BuoyLight	707.43	136.28572	-587.08	-0	-0	-0	1	LandmarksNonChallenge/SouthPeak/Positioner/buoypedestal_Full_Red/BouyPedistalPropHome
dafcd747-771e-428f-b6b3-8fda3dc03f87	BuoyProp	12.812065	45.59042	-652.48706	-0	-0.9752681	-0	0.22102495	LandmarksPlayerCount4/Contents/PointersParadise/Positioner/buoypedestal_Full_Orange/BouyPedistalPropHome
cfad002d-4a8a-46c1-b6a8-938423eaa170	foldingChair (2)	-144.4866	72.224	-305.40714	-0	-0.19358584	-0	0.98108333	
504741ff-bbfc-4b98-b06c-e35cd5380dfe	PegTileProp1	187.70667	78.78313	-102.42563	0.23456982	-0.40821764	0.10938163	0.8754263	
5825afde-9317-4e64-83e8-d6c8f9698b35	PegTileProp2	1.5333872	4.21	70.80315	0.2583491	-0.058186486	0.015591025	0.9641717	
7ba7b0e5-af33-4246-a648-ee09b45dc196	BuoyLight	492.0102	38.991467	-527.6054	-0	0.12788798	-0	0.9917886	LandmarksPlayerCountAny/MemoryBombs/Positioner/buoypedestal_Full_Red (1)/BouyPedistalPropHome
a418a7cd-0945-44c1-9f7b-14eac4584cf1	CowBellMediumProp	-228.43555	33.259	-521.10016	-0.18123603	0.8182077	0.40179136	0.36912546	
52038c68-21c9-4ab1-ad3c-455833ab57b2	cannonballProp	112.84	47.747	-510.01	-0	0.599806	-0	0.80014545	LandmarksPlayerCountAny/CannonBallCarry/PositionerBase/BaseHome
97202fe7-951c-44dd-a83f-3f97e1c3ec84	PegTileProp6	816.149	14.428	-435.7317	0.205335	-0.5880183	0.15755907	0.7663205	
22009189-d33d-4e65-8b3c-c8257188743d	BackpackProp	81.17935	6.65	61.914196	-0.07791299	-0.4464586	0.039060064	-0.8905496	LandmarksNonChallenge/PackPavillions/ForestBackpackPavilion/BackpackPavilion/PackHanger/PackHanger home
f4a530af-9e06-487f-acb1-535217f8dd4a	PegTileProp5	1.5544438	3.6880007	70.62943	0.2583491	-0.058186486	0.015591025	0.9641717	
2085f89d-5a92-40b8-bd18-35aa705dfba9	PegTileProp6	-85.19447	15.528	-5.811305	-0.057261586	-0.94198924	0.25240532	-0.2137031	
d0912a93-55b8-436e-abac-f2c085d84f45	PegTileRoundProp	-254.58675	56.997635	-374.22684	-0	0.46433976	-0	0.8856572	LandmarksPlayerCountAny/EggHunt/Positioner/Eggs/PegTileHook_blue/PegSlot/PegSlotHome
0132c70b-9a0c-4b5a-be06-b9bb077a6e5a	XrayGogglesProp	-88.245895	86.434	-608.90704	-0.050090715	-0.9017211	0.4154129	-0.10873002	
44015a0e-20ca-441a-b6e9-bbd28657b5f3	ClockProp	410.75598	53.222	-400.85175	-0	-0.26899865	-0	-0.96314055	TrainSystem/TrainStop - Ring Room/WallHook/WallHookHome
7e1cbead-d5b2-4d0a-b4a0-9a22f1c95856	GourdProp	497.97095	39.48335	-530.93335	-0	-0.9917886	-0	0.12788798	LandmarksPlayerCountAny/MemoryBombs/Positioner/SwitchAndVice/GourdVice/AnimatingParts/GourdViceHome
fdf796fb-fe22-4ee2-b2aa-f0ad071a279a	BuoyProp	141.86716	9.544	-617.3645	-0	-0.8761188	-0	0.4820954	
f4819494-6b1d-48ef-823b-4b26d2ceda53	BuoyProp	439.11	36.33769	-607.69	-0	-0	-0	1	LandmarksNonChallenge/LooseBuoyPedestals/Anywhere/buoypedestal_Full_Orange (4)/BouyPedistalPropHome
d6dbc3d5-99b7-4ed9-a7d5-a08e769fd0a1	PegTileProp7	-174.07487	12.324	-682.984	0.24534096	0.30764315	-0.08243276	0.9156246	
7211c43f-4efd-4c8b-ae62-01fbd8a62308	PegTileProp7	-746.8962	83.394	666.75256	0.13318996	0.8282105	-0.22191836	0.49707156	
d793e0fe-a145-496f-a348-2d8a65add9e8	CompassProp	-118.7161	49.532005	-506.01495	-0	0.072476596	1.4901161E-08	0.99737024	
cd116e6e-8b7c-4456-85c7-5167e9a5ce1c	PegTileProp Speaker	707.9151	55.122	-849.41907	-0.41309208	0.113373935	0.05191578	0.9021122	
d327588f-8645-45e5-8893-dd75ece59e7b	BuoyLight	502.30347	48.707	-141.6201	-0	-0.99552006	-0	-0.09455046	LandmarksPlayerCountAny/InvisibleInkChallenge/Positioner/buoypedestalFull/BouyPedistalPropHome
d3e57e13-a91d-492c-bd46-2c59da8bef9e	BuoyProp	-221.83	2.867295	-630.09	-0	-0	-0	1	LandmarksNonChallenge/LooseBuoyPedestals/Intro/buoypedestal_Full_Orange (3)/BouyPedistalPropHome
d3bbb072-c504-4672-b145-d94ab459bb3e	PegTileRoundProp	-256.69785	54.945213	-331.71707	0.60401595	0.07697636	0.19853057	-0.76800066	LandmarksPlayerCountAny/EggHunt/Positioner/Eggs/PegTileHook_Round_yellow (8)/PegSlot/PegSlotHome
a11227a1-9ec5-4b8f-a8fa-667e0ec29cf3	PegTileProp35	862.07886	22.371	-851.2426	-0.25366494	0.19180828	-0.051394895	-0.9466902	
0abc8402-398d-4f0d-bf5e-fb3051a16e21	BuoyLight	-179.19	33.977566	-556.23	-0	-0	-0	1	LandmarksNonChallenge/LooseBuoyPedestals/Intro/buoypedestalFull (3)/BouyPedistalPropHome
da216fee-a9c3-4a15-b8a7-8e096fd1367c	PegTileProp3	498.7223	49.263058	-135.5029	0.44873434	-0.5471452	0.5429175	0.4522282	
5fa8468a-dfaa-48fe-8057-46d47b9e56a5	GourdCartonProp	592.25	25.827	-200.33	-0	-0.12864734	-0	0.9916904	
8bde95f3-e638-4ddf-95c8-e30613cd9e42	PegTileProp3	-737.28546	34.38	709.79004	0.22191846	-0.49707094	0.13318978	0.82821083	
d0e8cc93-16e5-4473-bcd2-ab052cfac83f	PegTileProp5	188.16212	78.26113	-102.15508	0.23456982	-0.40821764	0.10938163	0.8754263	
d2e7e62c-01fe-48b6-a4a7-6037b5043747	PegTileRoundProp	-264.2999	54.496075	-339.74878	-0.021632468	0.7610783	0.6482135	0.0105442405	LandmarksPlayerCountAny/EggHunt/Positioner/Eggs/PegTileHook_Round_green/PegSlot/PegSlotHome
3f803736-b89f-4f33-9084-94d56454d2c9	PegTileProp Speaker (6)	-523.7089	19.032999	-385.02863	-0.14597824	-0.81946605	-0.2392936	0.49990463	
36458b4f-94f3-40cf-994e-d873a7d2b3e4	PegTileRoundProp	-257.42	55.232	-350.16602	0.7071068	-0	-0	0.7071068	LandmarksPlayerCountAny/EggHunt/Positioner/Eggs/PegTileHook_Round_red (4)/PegSlot/PegSlotHome
3d09137d-fbbd-4cb8-a17a-05de7676f61c	BuoyLight	-210.31711	109.423355	-216.64786	-0	0.28671578	-0	0.9580157	LandmarksNonChallenge/Lookouts/Lookout_YellowZigzag/buoypedestalFull (1)/BouyPedistalPropHome
070cf8f2-6824-413e-9c2a-43a1027c24c5	FmRadioProp	340.7921	62.629997	-481.26724	-0	0.77176774	-0	0.63590455	
bef6d32e-57a9-4ba1-b984-05fdec08800c	BuoyLight	-50.71	96.703	-255.02	-0	0.15506618	-0	0.98790413	LandmarksNonChallenge/LooseBuoyPedestals/Anywhere/buoypedestalFull (7)/BouyPedistalPropHome
268fc057-9e09-4f41-b950-077b3841e2e8	GourdProp	774.6553	55.701996	-823.98694	-0	-0.14406168	-0	0.9895687	LandmarksPlayerCount4/Contents/CharadesRooms/Positioner/SemaphoreBuilding/GourdVice/AnimatingParts/GourdViceHome
d368b4c7-8389-4f63-a20f-ba88ef17f0a5	BuoyLight	10.28	52.823605	-669.77	-0	0.15506618	-0	0.98790413	LandmarksNonChallenge/LooseBuoyPedestals/Anywhere/buoypedestalFull (8)/BouyPedistalPropHome
1f92dc32-2576-4c2f-8dd3-9de087707fa7	PegTileProp3	3.8036385	111.509995	-376.46536	0.1367891	-0.8199992	0.21971819	0.5105037	
01037469-7533-48b5-9fca-954f8d32f9d0	PegTileProp22	860.227	22.88	-851.79285	-0.25366494	0.19180828	-0.051394895	-0.9466902	
